Timestamp,"*Prolific Participants*:

If you have not already, book a 15 minute meeting here. Required for the prolific participation

https://calendly.com/larissa-louiza-labs/prolific-meeting

Did you book meeting?",What is your name?,What is your prolific ID?,What is your annual income level?,What is your occupation status?,How many days a week do you work in person (away from home)?,Where is the Chipotle that you go to most often located?,How often do you go to Chipotle?,"When you go to Chipotle, is it usually for:","What share of your Chipotle orders are: in-store, app pickup, delivery? [In-store]","What share of your Chipotle orders are: in-store, app pickup, delivery? [App pickup]","What share of your Chipotle orders are: in-store, app pickup, delivery? [Delivery]",What are the parts of your standard Chipotle order? [Bowl],What are the parts of your standard Chipotle order? [Burrito],What are the parts of your standard Chipotle order? [Quesadilla],What are the parts of your standard Chipotle order? [Chips],What are the parts of your standard Chipotle order? [Guac (with main)],What are the parts of your standard Chipotle order? [Gauc (with chips)],What are the parts of your standard Chipotle order? [Drink],What are the parts of your standard Chipotle order? [Extra sauces],What are the parts of your standard Chipotle order? [Extra protein],"If you feel more budget constrained, how do you modify your Chipotle habits?",How much do you typically pay for Chipotle per visit?,"Of the following, would make you go to Chipotle more:",What is the main reason (up to 3) why you go to Chipotle over other fast casual chains?,Do you use the Chipotle app? ,"If you use the Chipotle app, how generous/valuable is the point system to you?",Describe a recent Chipotle ad or promotion that you recall,Have you heard of Chipotle Honey Chicken?,Does Chipotle feel ‘worth it’ right now? What makes it feel worth it or not?,Have you heard of Chipotle Carne Asada Steak?,Have you heard of Chipotle Adobo Ranch?,"If your usual Chipotle order cost +$1, what would you do first?","If Chipotle raises prices, do you usually…",At what price increase would you stop going to Chipotle?,"How often do you actually eat at Chipotle vs. how often you wish you could? What stops you from going more often (price, health, time, other)?","Have any diet or health goals (high protein, low-carb, plant-based, weight loss, etc.) made you visit Chipotle more or lessoften? Describe how.","Do you feel Chipotle portions have changed over the last year (bigger, smaller, same)? Has that perception affected how often you go or what you order?"
12/4/2025 14:31:09,Yes,Jade,669816ec7900b3bc0d49bdc0,"$0 to $19,999",Unemployed,0,Near home,Once a month,"Afternoon snack, Evening/night snack",10%,0%,100%,Almost always,Rarely,Never,Almost always,Almost always,Often,Almost always,Never,Rarely,Go less often,$20+,"Cheaper ""value"" items (eg. mini wrap), Coupons, Deals in the app","Location, Taste, App discounts",Yes,Worse than other restaurants,Chipotle Carne Asada TV Ad,No,"Not necessarily, just because it’s been too costly lately compared to other fast food places. ",Yes,Yes,"I’m not sure how to completely answer this question, but I usually jus stick to the go tos. ",Buy less often,$5+ more,"I only really eat Chipotle once every month or every other month. I wish I could eat Chipotle more, in general. What stops me most often is the price being too much especially with delivery fees because I hate ordering for inside. ",N/A - not on any diets ,"I haven’t noticed a difference if I’m being honest. Although, I will say my partner thinks they could definitely put more sauces on; more particularly the sour cream."
12/4/2025 15:42:22,Yes,Erik Banuelos,664fcc22e5b93d906600cc77,"$50,000-$89,999",Full-time employed or self-employed,5 or more,Near home,A few times a month,"Lunch during workday/schoolday, Afternoon snack",60%,30%,10%,Never,Almost always,Never,Never,Never,Never,Never,Never,Never,Go less often,$10-15,"Coupons, Deals in the app","Speed of service, Taste",Yes,Average,I heard them talking about how they have carne asada on the radio ,No,"No it’s too expensive. There are cheaper, better options.",Yes,No,Not go back ,Buy less often,$1 more,I eat chipotle a couple times a month and I don’t wish I could eat it more ,There weren’t any health or diet goals that have kept me from chipotle ,"They’ve gotten smaller, I definitely go less ogre now "
12/4/2025 15:47:05,Yes,Shania Wang,610042bd58bb4f6845302491,"$50,000-$89,999",Full-time student,0,Near home,Once a month,"Lunch during workday/schoolday, Dinner during workday/schoolday, Meal on day off, Meal with friends",10%,60%,30%,Almost always,Rarely,Rarely,Rarely,Rarely,Rarely,Rarely,Rarely,Often,Go less often,$10-15,"New menu item (eg. carne asada steak), Cheaper ""value"" items (eg. mini wrap), Coupons, Deals in the app","Speed of service, Location, Taste",Yes,Average,I received a promotion for free chips with any purchase. ,Yes,Yes because the portions are big. I can usually get 2 meals. ,Yes,Yes,I would probably start to go less. ,Buy less often,$3 more,I eat at Chipotle a lot less frequently than I wish I could. I end up not going due to cost and high calories. ,I wanted to eat fewer calories which made me visit Chipotle less. ,"I do think that portions have gotten smaller, which affects how many toppings I end up getting. "
12/4/2025 15:53:20,Yes,Daniella ,5dce3ccc32ccbf0cd54263db,"$90,000-$129,999",Full-time employed or self-employed,5 or more,Near workplace,Multiple times a week,"Lunch during workday/schoolday, Dinner during workday/schoolday",30%,70%,10%,Often,Often,Rarely,Rarely,Often,Often,Rarely,Often,Rarely,Go less often,$10-15,"New menu item (eg. carne asada steak), Deals in the app","Nutrition/health, Speed of service, Location",Yes,Better than other restaurants,Free guac with entree,Yes,I think it has been more expensive than before,Yes,No,I would still buy,Buy less often,$4 more,Price,High protein,Smaller
12/4/2025 16:30:35,Yes,peyton,672d127c0844b35fabc0dae8,"$20,000-$49,999",Part-time employed,5 or more,Near home,A few times a month,Lunch during workday/schoolday,0%,60%,40%,Rarely,Almost always,Rarely,Often,Rarely,Often,Almost always,Rarely,Often,Go less often,$10-15,Deals in the app,Taste,Yes,Average,Do not recall,No,Not really I am not hungry,Yes,No,Pay,Buy less often,$2 more,As often as I need to,Neither ,"Smaller, Less bang for buck"
12/4/2025 18:24:47,Yes,Henry,5dda51f040460e9a0f5f6a70,"$20,000-$49,999",Part-time employed,1-4,Near home,Once a month,Dinner during workday/schoolday,0%,100%,0%,Almost always,Often,Never,Rarely,Rarely,Rarely,Never,Often,Often,Go less often,$10-15,"Cheaper ""value"" items (eg. mini wrap), Coupons, Deals in the app","Nutrition/health, Speed of service, Taste",Yes,Average,Free Guacamole on Super Bowl Sunday,No,It depends on where you live. In my area it is affordable but during vacation in another state the chipotle there was very cheap and worth it,Yes,No,Try to see what I can cut,Buy less often,$5+ more,"I eat on special occassions as a good treat for myself for maybe once every few months. If there was no budget, if the restaurant was next door, and I didn't worry about sodium intake I would eat chipotle every meal every day it is that good. ",Want to decrease sodium intake,"It really depends on the location and time of day. Sometimes the workers there are generous. Sometimes the location matters too, with one location being more generous than another "
12/4/2025 18:42:35,Yes,Linda Zheng,65d53cf473e1b96ac92b5f33,"$50,000-$89,999",Full-time employed or self-employed,1-4,Near home,Once a month,Evening/night snack,0%,100%,0%,Almost always,Never,Never,Often,Often,Often,Never,Never,Never,Go less often,$10-15,"Coupons, Deals in the app","Taste, App discounts",Yes,Average,free guac and chips,Yes,if theres a good deal like bogo,Yes,Yes,i would eat less,Switch to another chain,$2 more,price,n/a,it got smaller depending on where. u go
12/4/2025 19:01:22,Yes,Tanvi Panchumarthy,6584777affe8fe48f8bab87f,"$150,000+",Full-time employed or self-employed,0,Near school (full time employed and student),Rarely (<1/month),"Lunch during workday/schoolday, Dinner during workday/schoolday, Meal with friends",70%,30%,0%,Almost always,Rarely,Never,Often,Often,Rarely,Never,Never,Never,Skip sides,$5-10,"Cheaper ""value"" items (eg. mini wrap), Coupons","Location, Friends/co-worker preference, App discounts",Yes,Average,free queso but i am vegan mostly so it is irrelevant,Yes,"no, portions smaller and smaller",Yes,Yes,"get annoyed, not do anything, just pay for it and continue",Switch to another chain,$2 more,price and health,weight loss made me go less,"smaller, order less often but my order is the same"
12/4/2025 19:18:26,No,sophia,6680b1e6b7e3f773ed458e19,"$20,000-$49,999",Part-time employed,1-4,Near workplace,Once a week,Lunch during workday/schoolday,50%,50%,,Almost always,Rarely,Rarely,Almost always,Never,Rarely,Never,Often,Never,Go less often,$20+,"New menu item (eg. carne asada steak), Cheaper ""value"" items (eg. mini wrap)","Nutrition/health, Location, Taste",Yes,Average,win free bowls ,Yes,yes bnecause of taste and quality ,Yes,Yes,not sure ,Buy less often,$5+ more,price ,no ,sometimes smaller 
12/4/2025 19:37:38,Yes,isaias saitta,66d0e8813c0a69291c362cba,"$50,000-$89,999",Unemployed,0,Near home,Once a month,Afternoon snack,10%,30%,60%,Almost always,Rarely,Rarely,Almost always,Rarely,Almost always,Almost always,Almost always,Often,Skip extra protein,$20+,Deals in the app,Speed of service,No,,new bowls meat honey chickken,Yes,worth it,Yes,Yes,still take it,Buy less often,$5+ more,once a month,no,no
12/4/2025 19:44:12,Yes,isaias saitta,66d0e8813c0a69291c362cba,"$20,000-$49,999",Unemployed,0,Near home,Once a month,Afternoon snack,10%,30%,60%,Almost always,Rarely,Rarely,Almost always,Rarely,Almost always,Almost always,Almost always,Often,,$20+,Deals in the app,Taste,No,Better than other restaurants,new meats,Yes,multiple items for same price,Yes,Yes,still order,Buy less often,$5+ more,1 month,no,no