Timestamp,Prolific ID,Age Range,Column 3,Region (state you live in),"Dietary Restrictions (vegan, halal, gluten-free, etc.)", Which describes you best most weeks?,Pick your top 3 priorities when choosing fast food.,Top 5 chains you eat most? (list),Choose favorite fast food restaurant + favorite menu item,What was your first impression / memory of the food?,Any customizations?,Rate the crispiness. ,Rate the juiciness. ,Rate the greasiness/oiliness. ,Rate the saltiness.,Rate the spice heat.,Rate the sweetness.,How ‘fresh’ did it taste? ,Texture overall?,Flavor profile?,Aftertaste?,Was it made correctly?,Temperature?,Portion Size,"If this wasn’t available, what would you get instead? (chain + item)",Would you pair this with anything next time?,Does it beat your usual pick?,Where did you get it?,Where were you when deciding?,What’s the occasion?,Time of day?,Were you alone or with people?,What price did you see (roughly) for the main item?,Did you use a deal/coupon/points?,Was anything you wanted unavailable?,"Compared to your last fast-food order, did anything change in what you wanted today?",What was the main trigger for choosing this today?,Was this planned or spontaneous?,What time constraint were you under?,Did you switch from your usual chain or usual item today?,Why did you switch?,Did you choose this mainly because of a deal?,"If there were no deals anywhere, what would you have done?",Are you feeling more price sensitive than you were 2–4 weeks ago?,What caused that change?,Are you feeling more price sensitive than you were last year?,Are you currently trying to eat healthier than you were 2–4 weeks ago?,Are you currently trying to eat healthier than you were last year?,What’s driving that?,Did you recently start or stop something?,Are you more in explore mode or routine mode lately?,What’s driving that?,"If you liked this new item, what’s the reason you’d repeat it?",Did this order feel like an automatic/default decision? (0–10),What made it default?,"If you’ve been repeating a lot lately, why?",Did anyone influence your choice for order?,What would influence you to change your oder,Do your friends / roommates eating differently or trying new things change your order?,Which mode best describes the past 7 days?,What caused that mode?,Do you think this mode will continue next week?,Do you think this mode will continue next month?,Do you think this mode will continue next year?
12/17/2025 11:24:14,5cbcfce214b3cb0015f03471,45–54,Option 1,Tennessee,None,value-first,"taste, price, convenience","McDonald's, Popeye's, Taco Bell, Wendy's, Burger King",Popeye's,They have excellent chicken sandwiches.,None.,5,4,3,4,5,1,5,crispy,peppery,lingering,perfect,too hot,normal,Shrimp basket.,shake,no,in-store,commuting,dinner,9PM,family,6,none,no,cravings,craving,planned,none,chain,convenience,no,Paid full price.,Maybe,saving goal,No,No,No,new routine,travel,mixed,trying to save money,it feels like a treat,5,easy ordering,work schedule,No,New items.,No,treat,busy week,Maybe,Maybe,Maybe
12/17/2025 11:24:39,694201e1477bd35171c72445,35–44,Option 1,Nevada,none,routine eater,"taste, price, convenience","mcdonalds, shake shack, wendys, popeyes, jollibee",jollibee 3 piece fried chicken,juicy and crunchy,no mayo,5,5,4,3,4,2,4,crispy,peppery,clean,perfect,just right,normal,Mcdonalds big mac,fries,no,drive-thru,home,dinner,7:00 pm,alone,$12,app deal,no,cravings,was nearby,spontaneous,none,no,convenience,no,go to my usual spots,No,saving goal,No,Yes,Yes,fitness goal,gym routine,routine,comfort routine,it feels like a treat,2,reliable taste,convenience,No,none,Yes,health,goals,Yes,Yes,Yes
12/17/2025 11:25:15,5aebbea402d69a0001f1f487,45–54,Option 1,Ohio,None,convenience-first,"taste, price, convenience","ChickFila, Wendy's and Taco Bell",Chick Fila - Cobb salad with nuggets,Fresh and very tasty,,4,3,1,1,2,1,5,crispy,creamy,lingering,perfect,just right,large,Nuggets with sauce,,no,delivery,home,dinner,7pm,alone,10,none,no,cravings,craving,spontaneous,none,no,,no,,No,,No,Yes,Yes,weight goal,diet plan,mixed,boredom,,5,reliable taste,comfort,No,If it wasn't available,Maybe,convenience,busy week,Maybe,Maybe,No
12/17/2025 11:28:32,66568e65d6c28172319a8d9f,55–64,,Georgia ,None,routine eater,"taste, price, convenience","Taco Bell, Popeyes, Panda Express, Five guys, chick fil a ","Panda Express, honey chicken w Lomain",It was hot and good,Fried wontons ,5,4,1,2,1,3,5,tender,savory,sweet,perfect,just right,normal,"Panda Express, sesame chicken",other (type),no,delivery,home,lunch, 2pm,friends,14,none,no,cravings,craving,spontaneous,none,no,,no,Nothing different ,No,,No,No,Yes,weight goal,,routine,comfort routine,it’s a good value,4,easy ordering,,No,If craving items not available ,No,convenience,busy week,Maybe,Maybe,Maybe
12/17/2025 11:28:56,694223134f446e5010cda2e1,18–24,,Pennsylvania ,None,routine eater,"taste, price, health","Wendys, McDonald's, Popeyes, waffle house, Arby's ",Chicken sandwich ,I liked it,,5,3,2,2,1,1,2,crispy,savory,oily,perfect,just right,normal,McDonald's big mac,fries,no,pickup,commuting,lunch,2 pm,alone,10$,app deal,no,convenience,time pressure,planned,strong,item,deal,yes,Dollar menu,No,just trying to be disciplined,No,No,No,fitness goal,schedule change,routine,trying to save money,it’s a good value,3,consistent price,deal pattern,No,Price,No,budget,busy week,No,No,No
12/17/2025 11:29:27,66c0e61e88d109a1324701f3,35–44,,MT,,health-first,"taste, health, convenience","Five guys, jimmy johns ",Del taco /bean & cheese burrito ,Getting it in a kids meal with fries long ago ,,1,1,2,3,1,1,3,chewy,cheesy,clean,perfect,just right,small,Taco del sol fish supreme,fries,no,drive-thru,work,lunch,12,alone,13,none,no,convenience,craving,spontaneous,mild,no,,no,,Yes,prices went up,Yes,No,No,,,routine,comfort routine,it’s convenient,3,close location,,No,,No,health,goals,Yes,Yes,Yes
12/17/2025 11:56:03,66d0e8813c0a69291c362cba,18–24,,Florida,none,routine eater,"taste, price, speed","mcdonals
dunkin donuts
wendys
burger king
taco bell",mcdonalds + nuggets 40 pieces,cruncy fried fresh food,add cheese,5,5,5,5,5,5,5,crispy,smoky,clean,perfect,just right,large,wendys full meal any,dessert,yes,in-store,home,dinner,7:00 pm,family,8,app deal,no,cravings,craving,spontaneous,strong,chain,deal,yes,yes same deal,Yes,spending too much,No,Maybe,Yes,peer influence,medication/supplement,mixed,new items launching,it’s better than my default,5,reliable taste,comfort,No,myself,No,treat,payday,Yes,Yes,Yes
12/17/2025 12:03:32,694246d7a48dce20e1e8ee41,18–24,Option 1,Virginia ,Allergic to all nuts and seafood,convenience-first,"taste, price, convenience","Mcdonalds, Chick-fil-a, Chipotle, Panera Bread, Subway ",Mcdonalds+ Mcchicken ,At first I didn't like it because I saw a video about how Mcdonalds chicken was pink goo but when I ate it again it tasted good,I add buffalo sauce with it,1,1,2,1,3,1,1,chewy,creamy,lingering,perfect,just right,normal,Panera Bread+ Turkey bravo sandwich ,energy drink,yes,drive-thru,commuting,lunch,Around the afternoon,alone,About $7,none,no,health goals,craving,spontaneous,mild,chain,boredom,no,There wasn't any deals and I still ate it,Yes,income change,Yes,Yes,Yes,fitness goal,gym routine,routine,trying to save money,it’s better than my default,5,reliable taste,comfort,No,Nothing,No,budget,payday,Yes,Yes,Maybe
12/17/2025 12:18:29,65e41e88a96a10f5f38d608e,35–44,,Colorado ,None ,health-first,"taste, price, health","Chipotle, chic fil et, taco truck, Thai, Carl’s Jr ",Chipotle black bean burrito with asada with pico guacamole ,"Delicious, super filling, messy but worth it ",extra sauce,5,5,3,3,4,5,5,tender,savory,clean,perfect,just right,large,Asada bowl ,shake,no,pickup,home,social,4,friends,17,none,no,health goals,craving,spontaneous,none,no,health mode,no,Bought anyway ,No,saving goal,Yes,Yes,Yes,feeling sluggish,medication/supplement,explore,comfort routine,it’s better than my default,3,reliable taste,convenience,No,If they were out of something for my usual order ,No,health,busy week,Maybe,No,Maybe
12/17/2025 12:25:56,5ac4c730f69e940001d977e1,25–34,,Missouri ,None,routine eater,"taste, price, health","Chick Fil A, Burger King, Imos Pizza, Chipotle ",Chick fil a sandwich ,My mom took me to one as a child,no mayo,5,5,2,2,1,1,5,crispy,savory,clean,perfect,just right,normal,Chicken strips,fries,,drive-thru,work,lunch,12:00 pm,alone,5 dollars,none,no,cravings,was nearby,planned,mild,no,,no,Would still eat from here,No,,No,No,No,,,mixed,comfort routine,,,,,No,N/A,No,,,No,No,No
12/17/2025 12:33:21,5a4bf09053a4560001ba0ebf,35–44,,Florida,None,value-first,"taste, price, convenience","McDonald's, Taco Bell, Wendy's, Denny's, Applebee's","McDonald's, Big Mac",I associated McDonald's with my childhood. It was very tasty and it brought me a lot of comfort and gave me something to look forward to after school.,No pickles,2,3,4,4,1,1,3,chewy,savory,lingering,perfect,just right,normal,"Burger King, Whopper",fries,no,drive-thru,home,dinner,7 PM,alone,6,app deal,no,mood,craving,spontaneous,none,chain,deal,partly,Eaten food I had at home.,Maybe,just trying to be disciplined,Yes,Yes,Yes,fitness goal,gym routine,mixed,boredom,it feels like a treat,2,close location,convenience,No,"Price, convenience, healthiness.",Maybe,budget,goals,Yes,Yes,Yes
12/17/2025 12:39:55,6060ddd26de46b745d90990c,25–34,,Missouri,Halal,health-first,"taste, health, social","McDonald's, Starbucks, Chick-fil-A, Subway and Taco Bell",Favorite Fast Food Restaurant: Chick-fil-A  and Favorite Menu Item: Chicken Sandwich,"Crispy, flavorful, and satisfying—felt like a quick but tasty treat.",swap fries,5,4,2,3,4,2,5,crispy,creamy,clean,perfect,just right,normal,McDonald’s – Big Mac,coffee,yes,drive-thru,work,hangover,Evening,friends,20,none,no,health goals,saw an ad,spontaneous,none,chain,boredom,no,Pay full price or choose a cheaper menu item.,No,spending too much,No,Yes,Maybe,fitness goal,travel,routine,friends/social media,it fits my current goals,5,reliable taste,convenience,No,n/a,No,health,busy week,No,No,No
12/17/2025 12:41:01,6631bff86583e84ea1f7b232,45–54,,NC,None,convenience-first,"taste, price, convenience","Zaxby's, Jumbo China, Pizza Hut, Bo Jangles, Alpaca",Zaxby's Chicken Fingers Plate,The taste,extra sauce,5,5,3,4,4,4,5,crispy,savory,clean,perfect,just right,large,Alpaca,fries,yes,delivery,home,lunch,2:00 pm,alone,13,none,no,health goals,craving,planned,none,no,health mode,no,Just ordered,No,just trying to be disciplined,No,Yes,Yes,weight goal,gym routine,explore,trying to save money,it feels like a treat,5,reliable taste,convenience,No,None,Maybe,budget,payday,Yes,Yes,Maybe
12/17/2025 12:48:30,67edb75b0744561f1cf6ff9d,45–54,Option 1,texas,none,health-first,"taste, price, health","McDonald’s 
Starbucks
Subway 
KFC 
Chipotle ",McDonald’s ,delicious,no mayo,4,4,4,3,4,4,5,tender,savory,lingering,perfect,just right,normal,KFC  chicken and chips,dessert,,,work,lunch,2pm,alone,30,none,no,health goals,craving,spontaneous,none,no,convenience,no,pay,No,prices went up,No,Yes,Yes,fitness goal,diet plan,routine,friends/social media,it fits my current goals,4,consistent price,comfort,No,nothing,Yes,convenience,goals,Yes,Yes,Yes
12/17/2025 12:50:09,67a6b3afa7ded99142842424,35–44,Option 1,Texas,N/A,routine eater,"taste, price, convenience","Chick-Fil-A, Whataburger, Wendy's, Jersey Mike's, Schlotzky's","Jersey Mike's, #5 on rosemary parmesan toasted on the grill",Stopping in for lunch when they first came to the area and getting a fast food sandwich that actually had flavor.,no mayo,3,1,1,3,1,1,4,chewy,savory,clean,perfect,just right,normal,"Wendy's, Spicy Chicken Nugget combo",fries,no,drive-thru,commuting,lunch,Noon,alone,$11 with tax.,none,no,convenience,was nearby,spontaneous,mild,chain,convenience,no,I don't pay attention to fast food deals really.,Yes,saving goal,Yes,No,Yes,weight goal,schedule change,routine,comfort routine,it’s convenient,5,reliable taste,convenience,No,"Changes to the flavor - lack of spice, etc.",No,convenience,busy week,Yes,Yes,Yes
12/17/2025 12:53:00,67074e69ec4f26e98f7d5614,25–34,Option 1,Indiana,n/a,routine eater,"taste, price, speed","Burger King
Mcdonalds
Arby's
Pizza Hut
Dominos",Dominos Chicken Bacon Ranch Pizza,"I remember it was a lot of food for the price and I loved the seasoning, texture, flavor and everything about it.",as is,4,3,3,2,1,2,5,crispy,cheesy,lingering,perfect,just right,large,Taco Bell Cheesy Double Beef Burrito,sauce,no,drive-thru,home,dinner,4 pm,family,7.00 dollars,app deal,no,cravings,craving,spontaneous,mild,chain,limited options,partly,go with the cheapest of my favorites,Maybe,just trying to be disciplined,Maybe,No,Yes,medical/diet restriction,medication/supplement,routine,comfort routine,it’s a good value,4,reliable taste,comfort,Yes,What other people eating with me want,Maybe,stressed,stress,Yes,Yes,Yes
12/17/2025 12:53:29,668f70a9f8bd1160989f46cd,18–24,,New Mexico,None,health-first,"taste, convenience, novelty","Chipotle, Chic-Fil-A, Wendys, Panda Express, Taco Bell",Chic-Fil-A - Spicy Chicken Sandwich,"Tasted amazing, got it fresh and really enjoyed it.",,4,4,3,4,5,1,5,tender,savory,clean,perfect,just right,normal,Wendys - Spicy chicken nuggets,fries,no,drive-thru,home,late-night,"Late night, either for dinner or post dinner.",family,$6.49,none,no,cravings,wanted a treat,spontaneous,none,no,,no,,Maybe,spending too much,Yes,Yes,Yes,fitness goal,gym routine,explore,stress,it feels like a treat,4,fast,convenience,No,,No,health,goals,Yes,Maybe,Maybe
12/17/2025 12:55:54,5ebb96b6cd673a0008ace9ce,25–34,,Texas,None,convenience-first,"taste, price, convenience","McDonald's, Taco Bell, Burger King, Chick fil A, Subway",Taco Bell + Nacho BellGrande,"I tasted it around 13 years ago, and I recall it being quite tasty even at first taste, and that made it one of my fast food favorites.",no mayo,3,4,5,4,3,1,4,chewy,savory,oily,perfect,just right,normal,Subway + Footlong sub,fries,no,,commuting,dinner,Night time,alone,$12,coupon,no,mood,saw a deal,planned,none,no,deal,partly,Get a McChicken from McDonald's.,No,just trying to be disciplined,No,No,Maybe,weight goal,gym routine,routine,trying to save money,it feels like a treat,2,easy ordering,convenience,No,New deals from new restaurants on new items.,No,budget,stress,Maybe,No,No
12/17/2025 13:00:31,67537f5a035398beef5894bf,25–34,Option 1,FL,N/A,routine eater,"taste, health, convenience","Dominos, La Granja","Dominos, Pizza","A couple years ago, eating with my brother.",No cheese.,4,4,4,4,2,2,3,crispy,savory,oily,perfect,just right,large,Do not eat any other fast food.,coffee,no,pickup,home,dinner,8:00 PM,family,10,app deal,no,cravings,wanted a treat,spontaneous,none,no,,partly,Still gone.,No,just trying to be disciplined,No,No,No,weight goal,gym routine,routine,comfort routine,it feels like a treat,3,reliable taste,comfort,No,Friends/family and their wants.,No,health,goals,Yes,Yes,No
12/17/2025 13:21:44,5cc8a32f7639bd0001ccce85,25–34,,Florida,None,convenience-first,"taste, price, convenience","Dominos, McDonald’s, Chick fil A, and Wendy’s ",Chick fil a + spicy chicken sandwich meal,It was soo good,None,4,4,4,3,4,3,4,crispy,savory,lingering,perfect,just right,normal,Chicken nugget meal,fries,no,delivery,home,lunch,1pm,alone,15$,none,no,mood,craving,spontaneous,none,no,convenience,no,Figure something out,Yes,saving goal,Yes,No,No,new routine,gym routine,mixed,comfort routine,it’s convenient,4,reliable taste,convenience,No,A craving for something else,No,budget,goals,Yes,Maybe,Maybe
12/17/2025 13:43:10,69412b3d25ee8f7e99a43b69,18–24,Option 1,pennsylvania,none,convenience-first,"taste, price, convenience","mcdonald, wawa, burgerking, popeyes, raising canes","raising canes, 3 finger combo",It was very delicious ,,5,5,2,3,1,1,4,tender,savory,clean,perfect,just right,normal,"raising canes, the box combo",dessert,no,in-store,campus,lunch,5 pm,friends,15,none,no,cravings,wanted a treat,spontaneous,none,no,,no,nothing,Maybe,saving goal,Yes,No,No,,schedule change,mixed,trying to save money,it feels like a treat,5,close location,convenience,No,,No,convenience,busy week,Maybe,Maybe,Maybe
12/17/2025 13:58:50,680cf3759bbfca13d68e130a,55–64,Option 1,Florida,none,routine eater,"taste, speed, convenience","5 Guys, Wendy's, Popeyes, Arby's, ",Arby's plain roast beef sandwich,It was an occasional treat when I was growing up.,add cheese,1,4,1,3,1,1,5,tender,savory,clean,perfect,lukewarm,normal,A different roast beef sandwich at Arby's,,no,drive-thru,work,lunch,11:30AM,alone,5,none,no,,craving,spontaneous,none,no,,no,paid full price,No,,Yes,No,Yes,fitness goal,,routine,comfort routine,it’s better than my default,5,reliable taste,,No,availability,No,convenience,,Yes,Yes,Yes
12/17/2025 14:13:50,67722f8e3a4f08a288a1f640,55–64,,Washington,None,routine eater,"taste, price, novelty","Papa John's, McDonalds, Burger King, Taco Bell, Pizza Hut, Subway",Papa John's pepperoni pizza,"Eating the pizza, then dipping the crust into the garlic sauce was a novel idea, it really appealed to me the first time I tried it.",extra sauce,2,2,4,4,3,1,5,tender,savory,oily,perfect,just right,normal,McDonald's Big Mac,dessert,no,delivery,home,dinner,7:00 pm,family,$18.00,none,no,cravings,craving,spontaneous,none,item,convenience,no,I still would have ordered the food.,Maybe,just trying to be disciplined,Yes,No,Yes,weight goal,,mixed,comfort routine,it feels like a treat,4,routine schedule,,No,If there was a better deal as an add-on,No,treat,stress,Maybe,Maybe,Maybe
12/17/2025 14:30:05,6723b48ee32121e982a935b6,25–34,,Texas,N/A,health-first,"taste, health, convenience","Dunkin, Taco Bell, Wendy's, Chick-fil-A, Starbucks",Chick-fil-A + Sandwich,Spice and crunchy flavors,add cheese,5,5,3,4,4,5,4,crispy,cheesy,lingering,perfect,just right,small,Dunkin + doughnuts,coffee,no,pickup,work,lunch,Midday,alone,$14,none,no,trying new things,someone suggested,spontaneous,none,item,health mode,no,Choose something else,Yes,prices went up,No,Yes,Yes,weight goal,diet plan,mixed,new items launching,it’s a good value,4,reliable taste,convenience,No,Price or health choices,No,health,goals,Yes,Yes,Yes
12/17/2025 15:06:37,67a5669452a6651f8be0b0bc,45–54,Option 1,North Carolina,Gluten-free,health-first,"taste, health, convenience","McDonald’s – Classic burgers, fries, breakfast items.

Starbucks – Coffee, snacks, and light meals.

Chick-fil-A – Chicken sandwiches and nuggets.

Taco Bell – Tex-Mex fast food, tacos, burritos.

Subway – Customizable sandwiches and salads.","If I were to pick a favorite fast food spot, it would be Chick-fil-A, and my top menu item there would be the Spicy Chicken Sandwich—crispy, juicy, and just the right amount of kick.","My first impression was that it was surprisingly fresh for fast food. I remember the chicken being really juicy and crispy at the same time, with a clean, well‑seasoned flavor—not greasy or heavy. The heat from the spicy filet stood out immediately, but it wasn’t overpowering, and the soft bun balanced it perfectly.",extra sauce,5,5,5,3,3,5,5,crispy,creamy,oily,perfect,just right,,,dessert,yes,in-store,home,dinner,6:00 PM,,20,app deal,no,cravings,was nearby,spontaneous,strong,item,convenience,no,"If there were no deals anywhere, what would I have done?
I would have still gone for it because I was craving the Spicy Chicken Sandwich. Deals are nice, but the flavor and familiarity are what really draw me in. It’s more about the food itself than saving a few dollars.",No,delivery fees,Yes,Yes,Yes,weight goal,gym routine,routine,friends/social media,it feels like a treat,4,easy ordering,convenience,,"Spice level – if it felt too mild or too spicy, I might switch to the regular or grilled version.  New menu items – a limited-time sandwich or seasonal special could tempt me.",No,convenience,goals,Yes,Yes,No
12/17/2025 15:19:46,6642aaff6b9eaa6fcd640b60,25–34,Option 1,NC,none,value-first,"taste, price, convenience","taco bell, jersey mikes, papa johns",jersey mikes stickball special,eating cheddar cheese as a kid,none,2,4,3,3,1,1,5,chewy,savory,clean,perfect,just right,normal,jersey mikes italian,sauce,yes,delivery,home,hangover,morning,alone,11,app deal,no,cravings,saw a deal,spontaneous,none,no,deal,yes,Get something else that was similar in flavor,Yes,income change,Maybe,No,Yes,weight goal,schedule change,mixed,trying to save money,it feels like a treat,3,reliable taste,deal pattern,No,price,No,treat,stress,Maybe,No,No
12/17/2025 15:21:54,60fefe75aa12dfd51d3fbe4e,25–34,Option 1,texas,gluten free,convenience-first,"taste, price, health, social","mcdonalds, wends, sonic, church's, wingstop",wingstop mango habanero bone-in wings,it looked super good and glazed,no,5,5,2,3,5,3,5,tender,savory,sweet,perfect,just right,normal,lemon pepper bone-in wings,fries,no,pickup,home,lunch,4pm,alone,$7,none,no,schedule,someone suggested,spontaneous,none,no,health mode,no,nothing,No,just trying to be disciplined,Yes,Yes,Yes,weight goal,diet plan,routine,friends/social media,it fits my current goals,3,consistent price,convenience,Yes,price going up,No,health,stress,No,Yes,No
12/17/2025 15:27:30,671936053fd2824bcf9fe04b,55–64,Option 1,California,Gluten-free,health-first,"taste, price, health","Mc Donald's, Burger King, Taco Bell, Wendy's, Jack in the Box",Taco Bell - Regular Tacos,I ate my first Big Mac when I was nine years old and I loved it!,add cheese,5,5,1,3,1,3,5,tender,savory,clean,perfect,just right,normal,Burger King - regular cheeseburger,fries,yes,drive-thru,home,dinner,6 p.m.,family,2.89,none,yes,schedule,craving,spontaneous,none,no,convenience,no,I would still order what I usually order.,No,just trying to be disciplined,No,No,Yes,medical/diet restriction,medication/supplement,routine,comfort routine,it’s a good value,1,reliable taste,comfort,No,Nothing,No,health,payday,Yes,Yes,Yes
12/17/2025 15:30:10,668edb3b608a3d4537e2da08,45–54,Option 1,Texas,None,health-first,"taste, health, convenience","SUbway
Taco bell
Starbucks
Taco Bueno
McDonald's",McDonald's Egg McMuffin,It is simple and classic,add cheese,4,5,4,3,4,5,4,crispy,savory,lingering,perfect,just right,normal,McDonald's  Crispy Chicken Sandwiich,fries,yes,delivery,home,breakfast,9am,family,7,none,no,trying new things,wanted a treat,planned,none,chain,convenience,no,I would stick with my usual chain,Yes,delivery fees,No,Yes,Yes,fitness goal,gym routine,explore,new items launching,it feels like a treat,3,easy ordering,comfort,No,I wanted to try new things and change taste,No,health,goals,Yes,Yes,Yes
12/21/2025 9:11:38,6717a32bba602b1ce6de995a,35–44,,NC,None,routine eater,"taste, price, speed","Taco Bell, McDonald’s, Burger King, Popeyes, checkers",Taco bell,Better than taco John’s ,,5,5,2,3,4,3,5,tender,cheesy,clean,perfect,just right,normal,Chicken nuggets anywhere ,fries,no,drive-thru,commuting,quick bite,Afternoon,friends,$2,coupon,no,convenience,time pressure,spontaneous,mild,chain,new item,partly,Waited til I got home ,Yes,income change,Yes,No,No,new routine,schedule change,routine,comfort routine,it feels like a treat,2,easy ordering,deal pattern,Yes,My tastebuds ,Yes,budget,stress,Yes,Yes,Yes
12/21/2025 9:12:01,60fd6618f9a377f54dcdf318,35–44,Option 1,VA,None,routine eater,price,McDonald’s Burger King chick fil a Taco Bell Wendy’s cheddars ,Taco Bell soft taco ,Cheesy ,add cheese,4,4,4,2,1,2,4,tender,savory,clean,perfect,just right,normal,Hard taco,sauce,no,drive-thru,home,post-workout,Noon,alone,4,none,no,budget,craving,planned,none,chain,convenience,no,Nothing else ,No,saving goal,No,Yes,No,weight goal,travel,routine,boredom,it feels like a treat,4,reliable taste,comfort,No,Price ,No,health,goals,Yes,Yes,Yes
12/21/2025 9:12:26,66d8790772c9e0e4ee96259c,45–54,Option 1,Wisconsin,N/A,convenience-first,"taste, price, speed","Taco Bell, McDonalds, Dairy Queen, Burger King, Arbys",Taco Bell 5 Layer Burrito,It tasted great.,N/A,3,3,4,4,3,2,4,chewy,cheesy,oily,perfect,just right,normal,Taco Bell Dorito Supreme,sauce,no,drive-thru,home,lunch,Noon,alone,$3,none,no,cravings,craving,planned,mild,no,price increase,no,Bought off the value menu.,No,prices went up,No,No,No,weight goal,diet plan,routine,comfort routine,it’s a good value,5,reliable taste,comfort,No,"If the price went up too much, I would buy something else.",No,convenience,stress,Yes,Yes,Yes
12/21/2025 9:16:50,662fb80a4da196677a2d2a16,55–64,,Arizona,None,health-first,"taste, price, health","Corner Bakery Cafe, First Watch, Subway, Smoothie King, Lovin Spoonfuls","First Watch, Smashed Avocado Toast","The texture, the taste, the nice, thick, whole grain and hearty bread. Very yummy!",Change the regular bread with Whole Grain,5,3,1,1,1,2,5,chewy,savory,clean,perfect,just right,normal,Market Veggoe Sandwich,dessert,no,in-store,home,lunch,11 am,alone,11.88,none,no,health goals,craving,planned,none,no,health mode,no,Does not matter if there is a deal or not. Does not affect my decision as to what i want ,No,just trying to be disciplined,No,No,No,fitness goal,medication/supplement,routine,comfort routine,it fits my current goals,4,routine schedule,deal pattern,No,If I had a craving for something else,No,health,goals,Yes,Yes,Yes
12/21/2025 9:23:50,6779d2c5a6c75e1c1a0d4f53,45–54,Option 1,Oklahoma ,Sugar free,convenience-first,"taste, speed, convenience","Braums, Sonic, Pizza Hut, Arby’s, Whataburger ",Braums grande burrito,It tasted fresh and I liked the texture of the hash browns ,add cheese,4,3,1,3,2,1,5,crispy,savory,clean,perfect,just right,large,Sausage egg and cheese biscuit,coffee,yes,drive-thru,commuting,breakfast,7:30 a.m.,alone,$3.19,none,no,cravings,craving,planned,none,no,,no,Paid full price,No,just trying to be disciplined,Yes,No,Yes,medical/diet restriction,diet plan,routine,trying to save money,it’s convenient,5,reliable taste,convenience,No,If my usual order was not available,No,budget,goals,Yes,Yes,Yes
12/21/2025 9:27:50,5f4a7a00dc1bde60ab8f7ac5,25–34,,Georgia,None,value-first,"taste, price, health","1. Chick-fil-a
2. Arby's
3. Which Wich
4. Firehouse Subs
5. Culver's",Chick-fil-a (Chicken Nuggets),Incredibly tender white meat that's perfectly flavored and goes well with any sauce.,extra sauce,3,5,1,3,1,2,5,tender,savory,lingering,perfect,just right,normal,Chick-fil-a (Chicken Sandwich),shake,no,pickup,home,lunch,1:00 PM,alone,$21 (for 30 nuggets),none,no,cravings,craving,planned,none,no,convenience,no,"This one time, I got it because I needed food and was nearby. Plus, Chick-fil-a rarely has deals.",No,just trying to be disciplined,Yes,No,No,new routine,schedule change,routine,comfort routine,it feels like a treat,3,reliable taste,convenience,No,Nothing,No,treat,busy week,No,No,No
12/21/2025 9:59:15,6732096624d0e2bb965f5d6a,45–54,Option 1,West Virginia ,None,value-first,"taste, price, convenience","Burger King, McDonald's,  Wendy's,  Taco Bell, Rallys",Burger King Rodeo Burger,How much it tasted like it was grilled on a grill ,No mustard ,2,4,1,1,1,1,5,tender,,clean,perfect,just right,normal,Double cheese burger,other (type),no,pickup,home,quick bite,Lunch,family,$1.89,app deal,no,mood,craving,,none,chain,convenience,no,I don't know,No,spending too much,No,No,Maybe,weight goal,diet plan,routine,boredom,it feels like a treat,5,reliable taste,comfort,No,No influence,No,budget,payday,Maybe,Maybe,Maybe
12/21/2025 10:24:01,663280033a30e30383a6a5e9,25–34,Option 1,VA,None,routine eater,"taste, price, health","Papa Johns, Chipotle, Dominos, McDonalds, Burger King","Papa Johns, Specialty pizzas","Looks tasty, was delicious",extra sauce,3,3,3,3,3,3,5,crispy,cheesy,clean,perfect,just right,normal,Chipotle; Burrito bowl,sauce,yes,delivery,home,lunch,2PM,alone,19,points,no,budget,craving,spontaneous,none,no,deal,no,"Eat later, but there is usually a deal",Maybe,prices went up,Maybe,Maybe,No,feeling sluggish,schedule change,mixed,trying to save money,it’s a good value,2,reliable taste,convenience,No,Price or recommendations,Maybe,convenience,busy week,Maybe,Maybe,No
12/21/2025 10:37:58,6941628e88047f24cd496dc6,25–34,Option 1,Pennsylvania,No red meat,novelty seeker,"taste, convenience, novelty","Popeyes, Wawa, Shake Shack, Cava, Sweetgreen","Popeyes, Chicken Tenders with Fries",This was my first non-vegetarian meal after ten years of not eating meat. I got it delivered to my home during the World Series and it made me so happy.,,4,4,3,3,2,1,3,crispy,savory,oily,perfect,just right,normal,"Popeyes, Popcorn Shrimp",fries,no,delivery,home,dinner,Night,alone,$8,none,no,health goals,craving,spontaneous,none,no,,no,Still ordered,Yes,saving goal,Yes,Yes,Yes,fitness goal,schedule change,routine,stress,,5,reliable taste,fear of being disappointed by new items,No,,Yes,stressed,stress,Yes,Yes,Yes
12/21/2025 10:51:50,60d68186872b4738c7da0f8e,45–54,,Maine,None,routine eater,"taste, price, convenience",Dominoes 7/11 BK Jersey Mike’s KFC,Jersey Mike’s Club Sub,Delicious,,1,4,4,2,2,2,5,tender,savory,clean,perfect,just right,normal,Dominoes pizza,,yes,in-store,traveling,dinner,9 pm,family,14,none,no,budget,saw a deal,spontaneous,none,no,,yes,Ordered something cheaper ,Maybe,just trying to be disciplined,Yes,No,No,,,routine,comfort routine,it’s a good value,1,,comfort,No,Deals,No,budget,payday,Maybe,Maybe,Maybe