Timestamp,Full Name,Phone Number + Email,Were you referred by anyone to fill this out?,What is the most important factor in how you choose your daily meals?,"Which coffee chain do you visit most?
Starbucks, Blue Bottle, Dunkin, Local independent cafés","What is your go to source of caffeine, how often do you drink it, and why (energy drink, latte, black coffee)?",What is a reasonable amount to spend on lunch everyday?,"What new food trends / habits have you personally adopted recently (ie increasing protein, etc)","Are there any food places / food items you have consumed a lot more this semester? (ie takis, sweetgreen)",Have you traded down (cheaper coffee/salads/snacks) this month? From where to where?,Are you consuming more or fewer energy drinks vs last year?,Are you switching from coffee → matcha? Or vice versa?,"Have you increased your buying of functional beverages (Poppi, Olipop, kombucha)?",Have you stopped visiting any restaurants recently (or visit particular restaurants less)? Have you stopped eating certain foods/snacks?,Are you influenced to buy/try food and beverages by influencers or tik Tok?,Are you influenced to buy/try food and beverages by your friends?,"What's your go to alcoholic beverage of choice (ie white claw, dirty martini)","What's your least favorite alcoholic beverage (ie Long Island iced tea, pink Whitney, Titos)","If you drink energy drinks, do you feel certain ones are healthier than others (ie celsius vs monster?)","What would be your dream energy drink if you designed one (caffeine level, flavor, etc.)","Rank how often you go to each of these places:
- Coffee
- Salads/bowls (ie sweetgreen, cava)
- Fast food
- Ethnic food (ie sushi, Thai) [Most Visited]","Rank how often you go to each of these places:
- Coffee
- Salads/bowls (ie sweetgreen, cava)
- Fast food
- Ethnic food (ie sushi, Thai) [Second Most Visited]","Rank how often you go to each of these places:
- Coffee
- Salads/bowls (ie sweetgreen, cava)
- Fast food
- Ethnic food (ie sushi, Thai) [Third Most Visited ]","Rank how often you go to each of these places:
- Coffee
- Salads/bowls (ie sweetgreen, cava)
- Fast food
- Ethnic food (ie sushi, Thai) [Least Visited]",Do you eat fast food a lot - why or why not? Do you eat fast food on certain occasions ie nights you go out?,"If Sweetgreen/Cava/whatever bowl place you go to increased prices by $1–$2, would you keep buying? Switch to a different spot? Go less often?","If you are trying to budget what is the first food spot/item you'd cut out (ie: dessert, matcha, salad bowls)","In a typical week, how many times do you consume/buy each? (Starbucks, Taco Bell, Chipotle, McDonald’s, Wingstop, Celsius, Monster)","What’s the probability (low, medium, high) you’ll buy Starbucks in the next 7 days?","What’s the probability (low, medium, high) you’ll buy Wingstop in the next 7 days?","Starbucks offers protein add-ons (e.g., protein cold foam), would you add it weekly? (Yes/No) + max you’d pay ($0.50/$1/$1.50/$2+)",Have you ordered a Taco Bell ‘Fan Style’ item? If yes: was it an extra visit or just a swap on a normal visit?,Have you tried Celsius Spritz Vibe (limited edition)? If yes: will you buy again within next month?,Which of these do you buy/consume at least once a week? (multi-select),Which ONE of the brands you selected do you want to answer questions on: ,Column 36,How many times will you buy Starbucks this week?,Will you eat at Taco Bell in next 7 days?,What’s the #1 reason you choose Chipotle over other options when you do?,Probability (0–100%) you’ll visit McDonald’s in the next 7 days,"When you buy an energy drink, which is your #1 brand most weeks?",How often do you buy wingstop,What are other energy drinks that you consider when purchasing Monster?,How many times will you buy Starbucks this month?,Main reason you choose to buy Starbucks: price / wait time / rewards / new items / convenience / taste / studying / social,What is your usual Starbucks order and how much of a price increase would you tolerate before you go less often?,Where do you go instead when you skip Starbucks? ,At what wait time do you choose not to order?,Have you heard Starbucks is launching Protein Lattes / Protein Cold Foam?,Your primary Starbucks mission: caffeine/treat/work/social/food?,“Afternoon pull”: would a new energy-style drink platform pull you into Starbucks in afternoons (Y/N),Which Protein Cold Foam flavor(s) would you order most? ,"What time do you go to Starbucks most (early morning, later morning, afternoon, evening) and why?",Max you’d pay extra for Protein Cold Foam: $0 / $0.50 / $1 / $1.50 / $2 / $2.50+,Column 55,Column 56,If you have not tried protein flavors - why have you not tried them?,How many customizations are “must-haves” in your order? 0 / 1–2 / 3–4 / 5+? which customizations?,Column 59,What makes you switch away fastest from Starbucks,Time that you most often get Taco Bell: Lunch / Dinner / Late night / Snack only? Why?,Have you heard of the Fan Style Menu? Yes / No,If yes: which Fan Style item are you most likely to try?,Which ingredient makes California Crunchwrap appealing (pick 1): Steak / Fries inside / Guac / Crunchwrap format / None? Why?,Have you ordered through Taco Bell app/kiosk in the last 30 days?,Have you heard of Mexican Pizza Empanadas? Yes / No,Have you heard of Cantina Craze?,"How do you hear about new menu items (friends, visiting, social media)?",Did you notice the Frank’s RedHot Diablo sauce items?,"If you skip Taco Bell, where does that spend go MOST often // what would you substitute Taco Bell with?",Prolific User ID (write NA  if not relevant),"In the last month, has your desire to eat Chipotle increased or decreased—and why?","In the last 6 months, has your desire to eat Chipotle increased or decreased—and why?",Does Chipotle feel ‘worth it’ right now? What makes it feel worth it or not?,Have you heard of Chipotle Honey Chicken?,"What’s the one thing that would make you stop going to Chipotle for a while? (quality, price, location, etc)","When do you choose Chipotle socially (friends, post-class, late lunch, study break)? What makes it the ‘group default’?","Which competitor feels like it’s improving faster than Chipotle lately, and what are they doing better?","Have social media ‘orders’ or hacks influenced what you order at Chipotle? If yes, what did you try and did you keep doing it?",Have you heard of Chipotle Carne Asada Steak?,Have you heard of Chipotle Adobo Ranch?,Have you tried any new / seasonal Chipotle menu items - if so which was your favorite?,"If you ordered Honey Chicken, what would it replace?",What is max you'd pay for Chipotle before you go less often because of price?,"If your usual Chipotle order cost +$1, what would you do first?","If your usual order cost +$2, what would you do first?",Max you’d pay for a dip add-on like Adobo Ranch or chimichurri sauce tub on side,"If Chipotle raises prices, do you usually…","If you skip Chipotle, where do you go instead most often?","If prices rise, what do you drop first: fries/drink/add-on/entire trip",What is your typical order at McDonald's and what is the max you'd pay before you go less often?,"When they release new menu items, do they create extra visits or just change your order",How many times will you buy Taco Bell this week?,Have you tried the Chips Ahoy! Frappé?,Have you tried Buffalo Ranch Sauce,What is your go to McDonald's order and why?,What is your favorite go to sauce/drink/condiment at mcDonald or the star ingredient of your order?,Did you go to McDonald's more or less this month than last month?,Did you to go McDonald's more or less this year than last year?,How many times will you buy Taco Bell this week?,How many times will you buy Chipotle this week?,Have you bought a Snack Wrap since it returned (Ranch or Spicy)?,If McDonald’s deals improved (McValue / Extra Value Meals) would you go more often and why?,Max you would pay for McDonald's Chips Ahoy Frappe?,Do you ever have breakfast at McDonald's? Why or why not?,How many times will you buy Chipotle this month?,"What type of occasions do you go to McDonald's (ie late nights, mornings, when studying, social occasions, for quick food)","The last time you wanted Shake Shack but didn’t go—what stopped you (price, wait, distance, better deal elsewhere)?",How often do you buy Sweetgreen?,What’s the #1 reason you choose Sweetgreen over other meal options?,Have you seen or tried Sweetgreen Ripple Fries?,What is your go to sweetgreen order and why?,"Have you tried a sweetgreen order you didn't like or menu item you didn't like?
","What sweetgreen item (sauce, protein, etc) is the ""star"" of your order?",How much would you pay for extra protein?,How many times will you buy Taco Bell this month?,Have you tried Coca Cola Vanilla or Cherry Float (released recently?,"If Sweetgreen raises prices, what do you do first?","If Sweetgreen added a handheld item (wrap/pita/sandwich/snack), what would you actually buy—and why would you choose it over Chipotle/Subway/Taco Bell?",What’s the highest price you’d pay for your typical Sweetgreen order and still feel it’s “worth it”—and why?,"What influences your sweetgreen order most?
",What are your top 3 Guiding Principles behind how you order?,How much do you aim to spend for breakfast on a typical day?,How much do you aim to spend for lunch on a typical day?,How much do you aim to spend for dinner on a typical day,"How much do you aim to spend on beverages (coffee, energy drinks, boba, etc) on a typical day?",How often do you buy Celsius (any format)?,What’s the #1 reason you’re buying Celsius lately (or not buying it)?,Does Celsius price affect how often you buy it? Do you think it's too expensive for what it is?,If you don't have celsius do you substitute it with other forms of caffeine?,If you were creating an energy drink what would be your dream flavor / caffeine level / extra ingredients (ie vitamins),"Does the marketing of Celsius as healthier (fruit logo, vitamins, etc) affect how much you consume it and if you prefer it over monster/other brands?",Do you feel like Celsius is healthier than other energy drinks?,Have you tried the new Spritz Vibe flavor?,"When a flavor is limited-edition, do you…",do you mix celsius with alcohol to make mixed drinks ,Would fizz-free Celsius make you more likely to buy Celsius more often?,Have you tried Celsius Hydration powder sticks (no caffeine)?,How many times will you buy McDonald's this week?,"What is your main reason for consuming energy drinks (ie studying, gym, hungover etc)",In past year has your energy drink consumption level changed and why? ,"If Celsius is $1 more than usual, what do you do first?",What's your favorite and least favorite celsius flavors?,How many times will you buy McDonald's this month?,How many times will you buy Celcius this month?,How often do you buy Monster Energy Drinks (any format)?,How many times will you go to Shake Shack this month?,What factors make you choose Monster?,Max price you’ll pay for a single can before switching brands,Where do you buy Monster the most (convenience/grocery/cafeteria/vending) and is this changing over time?,Do new flavors of Monster drive you to buy more or just switch flavors when you would already buy?,"Are there certain events that trigger you buying wingstop (ie sports games, night out)","What’s the #1 reason you’re ordering Wingstop lately (ie price, new flavor, etc)",What is your favorite wingstop order and why? What is your least favorite order/flavor?,Have you tried fiery lime?,If you tried fiery lime would you reorder it?,Have you tried Wingstop’s Hot Lemon limited-time flavor (Original Hot + Lemon Pepper)?,Which flavor trend are you most into right now?,What’s the highest total price you’ll pay for your “typical Wingstop order” and still feel it’s worth it — and why?,"If Wingstop costs ~$3 more than you expected, what do you do first?",Where do you usually hear about new Wingstop flavors first?,"Do any triggers cause you to order wingstop more (ie game season, exam season, new flavors coming out, frat rush, etc)",Would you go out of your way to buy shake shack to try a seasonal flavor dessert: Dubai Chocolate Pistachio Shake / Peppermint Bark Chocolate (crackable) / Sticky Toffee Pudding / Christmas Cookie?,Does Shake Shack feel “worth the premium” right now? Why or why not?,"Do any triggers cause you to order Shake Shack more (ie game season, exam season, new flavors coming out, frat rush, etc)",How often do you get shake shack?,What’s the #1 reason you choose Shake Shack (vs other burgers)?,Which of these Shake Shack shakes/desserts have you seen or heard about recently?,Are shake shack's burgers different to other burgers at similar price point in terms of quality / taste?,Do you think Shake Shack's quality/taste justifies how they are much more expensive than five guys / in-n-out etc?,What’s the maximum total price you’ll pay for your typical Shake Shack order and still feel it’s worth it?,"If your usual order costs +$2 more than expected, you would first…","If you skip Shake Shack, where do you go instead most often — and why? (Five Guys, In-N-Out, McD, local burger, etc.)",What (if anything) most often prevents you from choosing Shake Shack?,"When Shake Shack launches a new item, you usually…",Why Cava over Chipotle/Other Bowl Places?,Column 177,"*Prolific Participants* :

If you have not already, book a 15 minute meeting here. Required for the prolific participation

https://calendly.com/larissa-louiza-labs/prolific-meeting

Did you book meeting?",What time of day do you go to Starbucks most often,Did you go to Starbucks more or less often this year (2025) vs 2024? Why?,Would you make an extra trip to Starbucks just to try a new menu item or do you not care that much about new menu items?,Would you go out of your way to buy shake shack to try a seasonal flavor dessert: Dubai Chocolate Pistachio Shake / Peppermint Bark Chocolate (crackable) / Sticky Toffee Pudding / Christmas Cookie?,Would you make a trip to Starbucks just to try a new seasonal items or do you not care about new items that much?,Are you currently…,"If Starbucks offers protein add-ons (protein cold foam / protein latte, high protein meals), you would…",Starbucks is mainly “worth it” because…,Would better food options make you go more often?,How do you feel about Cava's pricing/amount of food you get?,How do you feel about the quality of Cava's ingredients and does it make you go more or less often?,What is the max you would spend on a Cava bowl?,How often do you buy CAVA in a typical week?,"Are there times you order Cava more (ie during exam season, in winter, etc)",Monster is mainly for…,Have you shifted toward Ultra / zero sugar in the last 3 months?,How do you usually discover new Monster flavors first?,"When you find a flavor you like, do you…",How important is “no crash / no jitters” in choosing Monster vs other energy drinks?,Do you drink the whole monster can in one sitting? What factors affect whether you have more or less monster in a given day?,CAVA is mainly for…,"When you go to CAVA, you usually…","If you try a new CAVA item, it’s usually because…",What flavor direction are you moving towards most recently?,Which sauce/dressing is the reason you come back to CAVA—and why?,What most often prevents you from going to CAVA more?,"What’s one ingredient, topping, or menu direction you wish CAVA would add that would make you go 1+ more time per month—and why?","How often do you drink Coca-Cola products (Coke, Diet Coke, Coke Zero Sugar, flavored Coke) in a typical week?",Which do you drink most often?,"Coca Cola is making 2026 year of Cherry (cherry floats, cherry flavors) how do you feel about that?","Would you try Simply® Pop, a new prebiotic soda line with real fruit juice releasing 2026? why?",would you try Coca Cola orange cream why or why not?,"are there certain times you order Coca Cola more often (ie at movies with popcorn, when hungover, when eating a salad)",Do you think the pricing of Coca Cola is fair - ie what is max you would pay for Diet Coke?,Do you find yourself craving Coca Cola / Diet Coke ? Do you try to limit your consumption of it due to health reasons?,Do you feel like Coca Cola products are healthier or tastier than other sodas like Mountain Dew or sprite?,Do you keep your house/fridge stocked with Coca Cola products?,How often do you buy CAVA in a typical week?,CAVA is mainly for…,"When you go to CAVA, you usually…",Have you noticed any new seasonal/limited-time items at CAVA recently?,Column 176,Column 152,What are th,Column 90
11/29/2025 11:43:05,Jessi Pavia,"6463875453, jessi316866@gmail.com",Larissa Tyagi,,,,,,,,,,,,,,,,,,,,,,,,,,,,,,,None of these,McDonald's,,,,,10%,,1x/week,,,,,,,,,,,,,,,,3-4,,,,,,,,,,,,,N/A,,,,,,,,,,,,,,,,,,,fries,2 mcchicken burgers + 1 fries,Extra visits,,No,No,Big Mac,Coca-cola.,Same Amount,More,,,No,"Yes, i would go more because prices are great but not for me to travel such distance. ",$3,"Not, it is bad for me to start the day.",,Afternoon-nights. ,,,,,,,,,,No,,"Have not tried sweetgreen, I would think over distance, pricing, reviews, and more importantly the flavor. ",18,Friend recommendations,"Taste, Price, Reviews",,,,,0,,,,,,,,,,,,,I dont consume any energy drink,Have never drunk any energy drink yet.,,,,,,,,,,,not having enough time.,Price,Wing combos,No,,No,Classic buffalo only,20,Switch to another place,Social Media,Exam season,,,,,,,,,,,,,,,,,,,,,,,,,,,,,,,,,,,,,,,,,,,,,,,,,,,,,,,,,,,,,
11/30/2025 11:07:51,Christopher Smith,07884364506 chrissmith6695@hotmail.com,Larissa Tyagi,,,,,,,,,,,,,,,,,,,,,,,,,,,,,,,"Celsius (energy drink), Monster (energy drink)",Monster,,,,,,,,Celcius,,,,,,,,,,,,,,,,,,,,,,,,,,,,5ba81e70c2358e0001d27708,,,,,,,,,,,,,,,,,,,,,,,,,,,,,,,,,,,,,,,,,,,,,,,,,,,"Taste, Price, Nutrition",,,,,,,,,,,,,,,,,,,,,,,,7+ x/week,,I associate with productivity and its pretty much integrated into my daily routine,2.5,"Convenience stores, this has always been the case and will continue to be","No, but I know always seek out 'zero sugar' options",,,,,,,,,,,,,,,,,,,,,,,,,,,Yes,,,,,,,,,,,,,,,Work / long shifts,Yes,Seeing it in a store cooler,Buy singles only,2,Yes - whether I am busy and doing work regarding more than one of my jobs,,,,,,,,,,,,,,,,,,,,,,,,,
11/25/2025 12:28:57,Madi Murphy,madiomurphy@gmail.com - 561-526-6960,Mehak,Price,Local Independent Cafes,"Natural, less than once a week",$12,Kale and increased protein ,Beyond Green Juices ,Completely cut out Starbucks and only get juices now,No,No,No,Tried to stop eating heavily processed foods,Yes,Yes,Titos ,Fireball,Na,na,Salad / bowls restaurants,Coffee Shops,Fast Food,Ethnic Food,No,"Yes, I still love their food",Dessert 100%,,,,,,,,,,,,,,,,,,,,,,,,,,,,,,,,,,,,,,,,,,,,,,,,,,,,,,,,,,,,,,,,,,,,,,,,,,,,,,,,,,,,,,,,,,,,,,,,,,,,,,,,,,,,,,,,,,,,,,,,,,,,,,,,,,,,,,,,,,,,,,,,,,,,,,,,,,,,,,,,,,,,,,,,,,,,,,,,,,,,,,,,,,,,,,,,,,,,
11/25/2025 12:28:10,Iliana Morgan Chevres,"9197082032, ilianamorgan7@gmail.com",Mehak Chohan,"Time (Delivery time, preparation time)",Local Independent Cafes,"latte or just a black coffee with some milk, at least once, sometimes twice a day ",15 dollars ,increasing protein-- i recently stopped being vegetarian and I now eat meat ,sweetgreen and cheezits ,"i started getting a lot of vending machine snacks when its late at night and nothing else is open, compared to just eating at home ",Yes,Yes,Yes,"I started eating out less because I want to save money, but I do buy snacks and coffee out often ",Yes,Yes,Vodka with juice or a High Noon,N/A,"i feel like celsius and alani are the most healthy, but i don't know if its just because of the flavor ","about twice the caffeine as two cups of coffee, a subtle, fruity flavor so it doesn't taste like battery acid, not bad for the heart ",Coffee Shops,Salad / bowls restaurants,Ethnic Food,Fast Food,No because I just think its unhealthy and not worth spending my money on ,I would probably go less often because that starts to add up ,"eating out, so probably salad bowls ",,,,,,,,,,,,,,,,,,,,,,,,,,,,,,,,,,,,,,,,,,,,,,,,,,,,,,,,,,,,,,,,,,,,,,,,,,,,,,,,,,,,,,,,,,,,,,,,,,,,,,,,,,,,,,,,,,,,,,,,,,,,,,,,,,,,,,,,,,,,,,,,,,,,,,,,,,,,,,,,,,,,,,,,,,,,,,,,,,,,,,,,,,,,,,,,,,,,
11/25/2025 12:36:48,Alyssa Locke,"2489803412, alyssloc@umich.edu",Mehak Chohan,Price,Local Independent Cafes,"Energy drinks (specifically Celsius), around 4 times a week. I usually drink Celsius because its relatively affordable, good variety of flavors, has a lot of caffeine, and it's quick and easy when I have class in the morning since I buy them on my weekly grocery trip. ",Average across a week should be < $5,Increasing fiber intake,I've consumed more sandwiches since they are cheap and easy to make between classes or to pack with me. ,"I eat out less, and there isn't a specific item I traded down but I generally try to buy whatever is the cheapest version of what I want, which usually means buying what is on sale or the store brand ",Yes,No,Yes,I no longer visit Starbucks since the prices have gotten out of control. I now go to local coffee shops as a treat or just have an energy drink,No,Yes,N/A,N/A,"I drink Celsius often, but I think energy drinks are generally the same level of bad for you. ",My dream energy drink already exists: the Peach Mango Green Tea Celsius,Ethnic Food,Coffee Shops,Fast Food,Salad / bowls restaurants,"I eat fast food occasionally. I feel like quality has gone down while prices have gone up, so I mostly only go if it is late enough to where fast food places are some of the only places open still. ",I would probably just never go again. I already don't go frequently (1-2 times a year) because they are overpriced. ,"I am trying to budget, and I have cut out ""bowl"" places. I also generally limit eating out in any category to once a week. ",,,,,,,,,,,,,,,,,,,,,,,,,,,,,,,,,,,,,,,,,,,,,,,,,,,,,,,,,,,,,,,,,,,,,,,,,,,,,,,,,,,,,,,,,,,,,,,,,,,,,,,,,,,,,,,,,,,,,,,,,,,,,,,,,,,,,,,,,,,,,,,,,,,,,,,,,,,,,,,,,,,,,,,,,,,,,,,,,,,,,,,,,,,,,,,,,,,,
11/26/2025 3:58:15,Florence Moraes,646-951-2899,Mehak Chohan,Taste,Dunkin,Coffee with milk because it’s easy and effective,If I have a full time job $10-15,"Increasing protein, getting Whole Foods with every meal","Falafel, Chipotle, Meatballs, Quesadillas and Beans",No,No,No,Yes,"No, stopped eating popcorn",No,Maybe,,,,,Ethnic Food,Salad / bowls restaurants,Coffee Shops,Fast Food,No it doesn’t make me feel good and I typically only eat during travel,Probably keep buying ,I’d cut out chipotle or small treats,,,,,,,,,,,,,,,,,,,,,,,,,,,,,,,,,,,,,,,,,,,,,,,,,,,,,,,,,,,,,,,,,,,,,,,,,,,,,,,,,,,,,,,,,,,,,,,,,,,,,,,,,,,,,,,,,,,,,,,,,,,,,,,,,,,,,,,,,,,,,,,,,,,,,,,,,,,,,,,,,,,,,,,,,,,,,,,,,,,,,,,,,,,,,,,,,,,,
11/26/2025 16:09:35,Xandra Bai,6073272568 hanbai@umich.edu,mehak chohan,Location,Local Independent Cafes,black coffee,10,no,Cheese Mozzarella,No,Yes,No,Yes,No,No,Yes,Cocktail,Any bitter ones,No,,Ethnic Food,Salad / bowls restaurants,Coffee Shops,Fast Food,"No, they are not healthy and I don’t need to eat it",I will keep buying if the taste keep the same,snack,,,,,,,,,,,,,,,,,,,,,,,,,,,,,,,,,,,,,,,,,,,,,,,,,,,,,,,,,,,,,,,,,,,,,,,,,,,,,,,,,,,,,,,,,,,,,,,,,,,,,,,,,,,,,,,,,,,,,,,,,,,,,,,,,,,,,,,,,,,,,,,,,,,,,,,,,,,,,,,,,,,,,,,,,,,,,,,,,,,,,,,,,,,,,,,,,,,,
11/27/2025 11:54:25,Amy Wang,"5715991888, amywangc@umich.edu",Mehak Chohan,"Time (Delivery time, preparation time)",Starbucks,"Usually don't drink caffeine but if I don't have much time, usually an energy drink since my apartment sometimes has free ones. Otherwise, the only caffeine I like is really sugary coffee or matcha",$10-$13,"Even if I'm eating out I like to make sure that there's carbs, veggies, and protein so it's a balanced meal (even if it's still unhealthy)",I've eaten a lot of Hola Seoul because of limited time between activities at Mason Hall.,"I think other than eating out more often (not on purpose), I've started to cook a lot more and get healthy groceries. I have also limited my portions so that on cup bap from Hola Seoul lasts me 2 meals.",Yes,Yes,No,I usually don't visit restaurants anyways and I haven't stopped eating any snacks either.,Yes,Yes,I don't drink so I don't have an alcoholic beverage of choice,"Again, I don't really know since I haven't really ever tried any but I assume vodka is pretty bad?",No I think they're equally unhealthy but any 0 cal ones are slightly healthier (?),"A decent amount of caffeine (since it doesn't really affect me), non-artificial flavoring, and no sugar",Fast Food,Coffee Shops,Salad / bowls restaurants,Ethnic Food,"I eat it on some occasions, usually on nights that I'm out or if I'm specifically craving it.",No I would probably just go less often and try to switch places,I would cut out matcha or any sweet drinks,,,,,,,,,,,,,,,,,,,,,,,,,,,,,,,,,,,,,,,,,,,,,,,,,,,,,,,,,,,,,,,,,,,,,,,,,,,,,,,,,,,,,,,,,,,,,,,,,,,,,,,,,,,,,,,,,,,,,,,,,,,,,,,,,,,,,,,,,,,,,,,,,,,,,,,,,,,,,,,,,,,,,,,,,,,,,,,,,,,,,,,,,,,,,,,,,,,,
11/29/2025 14:38:39,Remy Oliver,7035018694 + remytboliver@gmail.com,N/A,,,,,,,,,,,,,,,,,,,,,,,,,,,,,,,Monster (energy drink),Monster,,,,,,,,Tea/coffee beverage with extra caffeine,,,,,,,,,,,,,,,,,,,,,,,,,,,,63e584009bf1aa55a39e1d53,,,,,,,,,,,,,,,,,,,,,,,,,,,,,,,,,,,,,,,,,,,,,,,,,,,"Taste, Price, Personal preference/habit",,,,,,,,,,,,,,,,,,,,,,,,4–6x/week,,"Habit, taste",$3.50,"Amazon.com, no change.",I generally switch out what I'd already be buying.,,,,,,,,,,,,,,,,,,,,,,,,,,,Yes,,,,,,,,,,,,,,,Work / long shifts,Yes,Seeing it in a store cooler,Buy 12–24 packs,1,"I drink the whole can in one sitting, and I only ever drink a single can per day.",,,,,,,,,,,,,,,,,,,,,,,,,
11/30/2025 10:39:36,Yemil Serret,8572878111,n/a,,,,,,,,,,,,,,,,,,,,,,,,,,,,,,,"Starbucks, McDonald’s, Monster (energy drink)",Starbucks,,Every other day (3-5 times),,,,,,,Daily or almost daily,Convenience ,Caffe Late $2 increase,Dunkin,15 min,No,,,Brown sugar,,$1,,,,,,Inconvenient Location,,,,,,,,,,,NA,,,,,,,,,,,,,,,,,,,,,,,,,,,,,,,,,,,,,,,,,,,,,,,,,,,"Taste, Convenience, Price",,,,,,,,,,,,,,,,,,,,,,,,,,,,,,,,,,,,,,,,,,,,,,,,,,,,,,,,Yes,6am,More often job location ,,,Don't Care as Much,Neutral,Try once,It's easy and fast,Maybe,,,,,,,,,,,,,,,,,,,,,,,,,,,,,,,,,,,,
11/29/2025 17:03:21,Christopher Schultz,5163148262 cschultz3598@gmail.com,no,,,,,,,,,,,,,,,,,,,,,,,,,,,,,,,"Starbucks, Taco Bell, Chipotle, McDonald’s, Wingstop, Shake Shack, Celsius (energy drink), Monster (energy drink)",Starbucks,,A few (1-3 times),,,,,,,More half the days,Taste,i would always buy,Dunkin,5 min,Yes,,,"Banana, Vanilla, Sugar free van, Chocolate, Matcha, Salted caramel, Brown sugar, Plain/unsweetened, Pumpkin, Pecan",,2,,,,,,Drink Quality Inconsistency,,,,,,,,,,,66a1dbe0b4c16ebde7571aec,,,,,,,,,,,,,,,,,,,,,,,,,,,,,,,,,,,,,,,,,,,,,,,,,,,"Taste, Convenience, Price, Reviews, Nutrition",,,,,,,,,,,,,,,,,,,,,,,,,,,,,,,,,,,,,,,,,,,,,,,,,,,,,,,,No,7am,yes cuz i was not that stressed with school,,,Extra Trip,Neutral,Make it a weekly habit,It's easy and fast,Yes,,,,,,,,,,,,,,,,,,,,,,,,,,,,,,,,,,,,
11/29/2025 17:15:32,LaTaysha Stokes ,9842548082,No,,,,,,,,,,,,,,,,,,,,,,,,,,,,,,,McDonald’s,McDonald's,,,,,80,,,,,,,,,,,,,,,,,,0,,,,,,,,,,,,,66ba32b2a868595bbef88468,,,,,,,,,,,,,,,,,,,Trip,Double fish sandwich ,Change order ,,No,Yes,Fish sandwich ,Barbecue ,Less,Less,,,No,Yes,$3,"Yes, when traveling or because I want their pancakes",,Most lunch/dinner,,,,,,,,,,,,,,,"Taste, Convenience, Price",,,,,,,,,,,,,,,,,,,,,,,,,,,,,,,,,,,,,,,,,,,,,,,,,,,,,,,,Yes,,,,,,,,,,,,,,,,,,,,,,,,,,,,,,,,,,,,,,,,,,,,,
11/29/2025 14:09:47,isaias saitta,7867792070,noone,,,,,,,,,,,,,,,,,,,,,,,,,,,,,,,McDonald’s,Taco Bell,,,,it is not like fast food it is liike modern resturant,100,Monster,1x/week,Red Bull,,,,,,,,No,,,,,,i have,2-3,,,late night past 2 months me and my dad was craving lots of crunch wraps and burrtiots we just moved in normally when we move in somewhere we love taco bell and out,Yes,California Crunchwrap,THE PENTAGON SHAPE TO BE HONEST I LOVE CALL OF DUTY ZOMBIES AND BLACK OPS 1 HAS A PENTAGTON SO SUPER COOL JUST TO EAT AND FLAVOR ISNT LIKE  A RICE BOWL REALL MIXED UP ITS DIFFERENT,Yes,Yes,Yes,NO Normally throught  tv ad,Yes,savings or mcdonalds ,66d0e8813c0a69291c362cba,increased,Increased,worth it,Yes,price rising ,burritos for all,prices,yea coupons or deals everywhere,Yes,Yes,Option 1,Steak,9$,Switch to a cheaper protein,Remove add-ons,$0.50,Buy less often,Taco Bell,fries,40$ 40 nuggets 4 mchicken 5 cheese burgers  4 hamburger 2 larger fries,change,A few (1-3 times),Yes,Yes,40 nuggets for 15$,big mac sauce,More,More,,Not this week (0),Yes,burgers singlle kind cheese mchicken plasin,$3,yes its amazing i love mcgrildles man its all like  a syurp and sausge every meal.,,all time to eat a snack/dinner/full menu,Eh the price,0,never tried,No,never tried,never tried,never tried,4,Less than half the days,No,Go less often,never tried,never tried,nevere tried,"Taste, Convenience, Price",,,,,0,because i liike others drink,yea too exspenive,Coffee,Fruity cafine,no,yea,no,Stock up (buy multipacks),No,Maybe,No,,to stay up,yea higher i can afford,Buy less often,no sugar orange,,,1x/week,,mango flavor haha,3,corner store,Yea but i love mango,No i love wingstop, Flavor,WINGS MIXED FLAVOR WITH FRIES,No,Option 1,No,I don’t choose by flavor,55,Switch to another place,on ads ,yea its flavos and sometimes fun to order.,,yes,JUST THE FEELINGS,ONCE A MONTH,its like a nasty burger spot,Dubai Chocolate Pistachio Shake,Option 1,Yes,4,Switch to a cheaper item,MCDONALDS,Price,Try it immediately,good dinner mostly,Option 1,Yes,,,Extra Trip,yes,,,,,,Very Good,10/10,6,1x/week,no,Gaming,No,Seeing it in a store cooler,Buy 4-packs,5,Yea mainly,Healthy dinner,Make small tweaks,Friend recommended,Crisp/fresh herb vibe,sceaserr,Price,sour cream,0,Coca-Cola (regular),great,yes i dont know to try new flavor,Yes,no,no,no,no,Option 1,,,,,,,,
11/29/2025 17:22:52,Quon Bandy,252-373-7770 + bandytequonjii02@gmail.com,Prolific,,,,,,,,,,,,,,,,,,,,,,,,,,,,,,,"Taco Bell, McDonald’s, Shake Shack",Taco Bell,,,,It is the healthiest when it comes to fastfood,,,,,,,,,,,,,,,,,,N/A,,,,6 pm,Yes,California Crunchwrap,The cheese that is inside make it appealing,Yes,No,No,visiting,Yes,Chipotle ,6714d7f42c208253099ac9d9,,,,Yes,,,,,,,,,,,,,,,,,,Multiple times daily (8+ times),,,,,,,,,,,,,,,,,,,,,,,Less than half the days,,,,,,"Taste, Convenience, Reviews",,,,,,,,,,,,,,,,,,,,,,,,,,,,,,,,,,,,,,,,,,,,,,,,,,,,,,,,No,,,,,,,,,,,,,,,,,,,,,,,,,,,,,,,,,,,,,,,,,,,,,
11/29/2025 17:03:06,Shanelle Smith,shanelle.smith94@gmail.com ; 7702386052,Prolific ,,,,,,,,,,,,,,,,,,,,,,,,,,,,,,,None of these,Chipotle,,,,,,,,,,,,,,,,,,,,,,,,,,,,,,,,,,,,65ca8b87ebd847a5d4ac354e,No change ,No change ,Worth it. I can get points ,,Price increases ,Easy dinner ,Cava ,N.a ,Yes,Yes,Option 1,Regular chicken,$12,Remove add-ons (guac/extra protein/dip),Remove add-ons,$1.00,Switch to another chain,Grocery / cook at home,,,,,,,,,,,,Not this week (0),,,,,,,,,,,,,,,,,,,,,"Taste, Price, Nutrition",,,,,,,,,,,,,,,,,,,,,,,,,,,,,,,,,,,,,,,,,,,,,,,,,,,,,,,,Yes,,,,,,,,,,,,,,,,,,,,,,,,,,,,,,,,,,,,,,,,,,,,,
12/2/2025 11:10:11,Carolina d'Alessandro,+393470613842 carolinadalex@gmail.com,No,,,,,,,,,,,,,,,,,,,,,,,,,,,,,,,Chipotle,Sweetgreen,,,,,,,,,,,,,,,,No,,,,,,,,,,,,,,,,,,,,NA,,,,,,,,,,,,,,,,,,,,,,,,,,,,,,,,,,,,,,2–3x/week,healthy,No,"I customise my salad kale, chickbeans, avocado, quinoa, sweet potatoes, eggs, feta chicken, light olive oil",no,"chicken,",3$,,,Switch to a cheaper bowl/salad,"No, I'm gluten free",23$,Health,"Convenience, Reviews, Nutrition",,,,,,,,,,,,,,,,,,,,,,,,,,,,,,,,,,,,,,,,,,,,,,,,,,,,,,,,No,,,,,,,,,,,,,,,,,,,,,,,,,,,,,,,,,,,,,,,,,,,,,
12/2/2025 12:09:57,Carmen Huang,(209) 762-0846 cmnhuang12@gmail.com,Prolific,,,,,,,,,,,,,,,,,,,,,,,,,,,,,,,McDonald’s,McDonald's,,,,,25%,,,,,,,,,,,,,,,,,,0,,,,,,,,,,,,,655f8cc7380061ec28e9efcc,,,,,,,,,,,,,,,,,,,Drink,Breakfast: sausage McMuffin with egg; Lunch: Spicy McChicken and fry,Change order,,Haven't heard of it,Yes,"Breakfast: sausage McMuffin with egg; Lunch: Spicy McChicken and fry; For breakfast, the McMuffin is filling and feels nutritious; For lunch, the McChicken is one of the cheaper items and their fries are the best",Hot Mustard,Less,Same Amount,,,No,"Yes, it is cheap and convenient",<$3,"Yes, I love their McMuffin because of the 2 for $6 deal (I give one to my dad or mom). McDonald's breakfast feels somewhat nutritious and it's relatively cheap.",,Mornings and nights,,,,,,,,,,,,,,,"Taste, Price, Reviews",,,,,,,,,,,,,,,,,,,,,,,,,,,,,,,,,,,,,,,,,,,,,,,,,,,,,,,,Yes,,,,,,,,,,,,,,,,,,,,,,,,,,,,,,,,,,,,,,,,,,,,,