log_id,timestamp,product_id,segment_id,context_id,preference_value,rating,liked
log_0000,2024-01-14 03:00:00,prod_010,seg_01,ctx_041,0.441,3,0
log_0001,2024-01-11 21:00:00,prod_028,seg_00,ctx_090,0.768,4,1
log_0002,2024-01-21 05:00:00,prod_010,seg_01,ctx_026,0.307,2,0
log_0003,2024-01-21 11:00:00,prod_043,seg_04,ctx_005,0.541,3,0
log_0004,2024-01-07 01:00:00,prod_018,seg_03,ctx_057,0.604,3,1
log_0005,2024-01-14 14:00:00,prod_038,seg_03,ctx_022,0.362,2,0
log_0006,2024-01-03 04:00:00,prod_004,seg_00,ctx_066,0.539,3,0
log_0007,2024-01-17 02:00:00,prod_047,seg_04,ctx_084,0.658,4,1
log_0008,2024-01-22 06:00:00,prod_033,seg_02,ctx_083,0.543,3,0
log_0009,2024-01-25 12:00:00,prod_017,seg_00,ctx_024,0.539,3,0
log_0010,2024-01-11 19:00:00,prod_029,seg_03,ctx_053,0.478,3,0
log_0011,2024-01-24 21:00:00,prod_023,seg_02,ctx_027,0.733,4,1
log_0012,2024-01-21 17:00:00,prod_029,seg_01,ctx_078,0.597,3,0
log_0013,2024-01-02 04:00:00,prod_017,seg_03,ctx_089,0.732,4,1
log_0014,2024-01-03 16:00:00,prod_022,seg_02,ctx_091,0.32,2,0
log_0015,2024-01-21 01:00:00,prod_010,seg_04,ctx_056,0.683,4,1
log_0016,2024-01-19 04:00:00,prod_004,seg_04,ctx_095,0.776,4,1
log_0017,2024-01-14 23:00:00,prod_030,seg_01,ctx_027,0.782,4,1
log_0018,2024-01-02 08:00:00,prod_015,seg_03,ctx_044,0.665,4,1
log_0019,2024-01-13 17:00:00,prod_029,seg_04,ctx_086,0.889,5,1
log_0020,2024-01-24 19:00:00,prod_021,seg_02,ctx_005,0.623,3,1
log_0021,2024-01-27 11:00:00,prod_043,seg_03,ctx_008,0.484,3,0
log_0022,2024-01-02 07:00:00,prod_030,seg_00,ctx_048,0.346,2,0
log_0023,2024-01-10 14:00:00,prod_021,seg_03,ctx_030,0.445,3,0
log_0024,2024-01-29 16:00:00,prod_005,seg_04,ctx_090,0.834,4,1
log_0025,2024-01-11 17:00:00,prod_048,seg_02,ctx_081,0.602,3,1
log_0026,2024-01-09 21:00:00,prod_035,seg_00,ctx_030,0.551,3,0
log_0027,2024-01-09 14:00:00,prod_028,seg_00,ctx_033,0.569,3,0
log_0028,2024-01-17 07:00:00,prod_024,seg_03,ctx_054,0.496,3,0
log_0029,2024-01-29 06:00:00,prod_033,seg_03,ctx_040,0.706,4,1
log_0030,2024-01-19 22:00:00,prod_011,seg_03,ctx_087,0.651,4,1
log_0031,2024-01-12 21:00:00,prod_000,seg_02,ctx_043,0.95,5,1
log_0032,2024-01-03 07:00:00,prod_010,seg_01,ctx_013,0.392,3,0
log_0033,2024-01-02 19:00:00,prod_004,seg_00,ctx_058,0.511,3,0
log_0034,2024-01-12 23:00:00,prod_035,seg_01,ctx_094,0.798,4,1
log_0035,2024-01-15 17:00:00,prod_016,seg_03,ctx_001,0.698,4,1
log_0036,2024-01-20 22:00:00,prod_014,seg_01,ctx_001,0.483,3,0
log_0037,2024-01-25 22:00:00,prod_022,seg_02,ctx_099,0.412,3,0
log_0038,2024-01-26 00:00:00,prod_026,seg_01,ctx_036,0.547,3,0
log_0039,2024-01-16 18:00:00,prod_026,seg_01,ctx_086,0.885,5,1
log_0040,2024-01-03 18:00:00,prod_000,seg_03,ctx_055,0.324,2,0
log_0041,2024-01-04 22:00:00,prod_046,seg_04,ctx_021,0.328,2,0
log_0042,2024-01-06 21:00:00,prod_022,seg_04,ctx_028,0.33,2,0
log_0043,2024-01-30 11:00:00,prod_007,seg_03,ctx_057,0.567,3,0
log_0044,2024-01-22 05:00:00,prod_022,seg_03,ctx_079,0.398,3,0
log_0045,2024-01-28 07:00:00,prod_021,seg_04,ctx_013,0.675,4,1
log_0046,2024-01-12 02:00:00,prod_007,seg_04,ctx_088,0.431,3,0
log_0047,2024-01-19 00:00:00,prod_021,seg_02,ctx_077,0.566,3,0
log_0048,2024-01-14 21:00:00,prod_043,seg_00,ctx_037,0.43,3,0
log_0049,2024-01-17 08:00:00,prod_016,seg_03,ctx_058,0.526,3,0
log_0050,2024-01-22 23:00:00,prod_034,seg_01,ctx_053,0.715,4,1
log_0051,2024-01-17 00:00:00,prod_046,seg_00,ctx_059,0.661,4,1
log_0052,2024-01-25 19:00:00,prod_047,seg_03,ctx_029,0.532,3,0
log_0053,2024-01-29 06:00:00,prod_012,seg_01,ctx_019,0.856,4,1
log_0054,2024-01-15 02:00:00,prod_011,seg_00,ctx_074,0.707,4,1
log_0055,2024-01-03 04:00:00,prod_039,seg_01,ctx_062,0.749,4,1
log_0056,2024-01-16 07:00:00,prod_048,seg_03,ctx_071,0.605,3,1
log_0057,2024-01-19 21:00:00,prod_044,seg_03,ctx_056,0.874,4,1
log_0058,2024-01-08 22:00:00,prod_043,seg_01,ctx_058,0.613,3,1
log_0059,2024-01-08 02:00:00,prod_029,seg_03,ctx_004,0.453,3,0
log_0060,2024-01-29 17:00:00,prod_035,seg_01,ctx_043,0.592,3,0
log_0061,2024-01-19 20:00:00,prod_033,seg_00,ctx_031,0.61,3,1
log_0062,2024-01-09 12:00:00,prod_015,seg_02,ctx_026,0.564,3,0
log_0063,2024-01-30 17:00:00,prod_048,seg_00,ctx_022,0.326,2,0
log_0064,2024-01-10 13:00:00,prod_043,seg_01,ctx_027,0.612,3,1
log_0065,2024-01-09 06:00:00,prod_039,seg_03,ctx_048,0.507,3,0
log_0066,2024-01-20 09:00:00,prod_022,seg_01,ctx_060,0.568,3,0
log_0067,2024-01-24 02:00:00,prod_027,seg_00,ctx_013,0.381,3,0
log_0068,2024-01-20 06:00:00,prod_047,seg_02,ctx_066,0.925,5,1
log_0069,2024-01-29 03:00:00,prod_035,seg_02,ctx_026,0.64,4,1
log_0070,2024-01-01 15:00:00,prod_036,seg_03,ctx_056,0.486,3,0
log_0071,2024-01-24 19:00:00,prod_001,seg_02,ctx_001,0.694,4,1
log_0072,2024-01-14 09:00:00,prod_024,seg_01,ctx_083,0.859,4,1
log_0073,2024-01-08 13:00:00,prod_008,seg_03,ctx_073,0.438,3,0
log_0074,2024-01-15 03:00:00,prod_038,seg_02,ctx_058,0.719,4,1
log_0075,2024-01-29 16:00:00,prod_016,seg_04,ctx_074,0.615,3,1
log_0076,2024-01-15 02:00:00,prod_015,seg_02,ctx_060,0.882,5,1
log_0077,2024-01-01 12:00:00,prod_006,seg_03,ctx_022,0.654,4,1
log_0078,2024-01-14 05:00:00,prod_009,seg_01,ctx_029,0.425,3,0
log_0079,2024-01-20 12:00:00,prod_012,seg_00,ctx_083,0.528,3,0
log_0080,2024-01-02 04:00:00,prod_010,seg_04,ctx_050,0.682,4,1
log_0081,2024-01-26 14:00:00,prod_049,seg_00,ctx_057,0.612,3,1
log_0082,2024-01-11 10:00:00,prod_016,seg_03,ctx_020,0.739,4,1
log_0083,2024-01-11 00:00:00,prod_023,seg_02,ctx_077,0.551,3,0
log_0084,2024-01-17 16:00:00,prod_041,seg_01,ctx_043,0.844,4,1
log_0085,2024-01-02 07:00:00,prod_014,seg_02,ctx_062,0.983,5,1
log_0086,2024-01-08 06:00:00,prod_042,seg_00,ctx_040,0.499,3,0
log_0087,2024-01-01 22:00:00,prod_048,seg_00,ctx_046,0.434,3,0
log_0088,2024-01-30 05:00:00,prod_010,seg_00,ctx_092,0.423,3,0
log_0089,2024-01-20 16:00:00,prod_044,seg_00,ctx_019,0.667,4,1
log_0090,2024-01-15 06:00:00,prod_047,seg_04,ctx_022,0.796,4,1
log_0091,2024-01-07 16:00:00,prod_003,seg_00,ctx_099,0.777,4,1
log_0092,2024-01-07 11:00:00,prod_039,seg_00,ctx_012,0.9,5,1
log_0093,2024-01-26 23:00:00,prod_036,seg_03,ctx_085,0.854,4,1
log_0094,2024-01-15 13:00:00,prod_037,seg_03,ctx_039,0.394,3,0
log_0095,2024-01-30 11:00:00,prod_029,seg_01,ctx_039,0.747,4,1
log_0096,2024-01-20 09:00:00,prod_008,seg_03,ctx_002,0.314,2,0
log_0097,2024-01-06 23:00:00,prod_029,seg_00,ctx_061,0.775,4,1
log_0098,2024-01-11 23:00:00,prod_035,seg_01,ctx_023,0.502,3,0
log_0099,2024-01-06 12:00:00,prod_040,seg_00,ctx_043,0.668,4,1
log_0100,2024-01-01 00:00:00,prod_033,seg_03,ctx_084,0.742,4,1
log_0101,2024-01-01 01:00:00,prod_002,seg_00,ctx_032,0.676,4,1
log_0102,2024-01-05 04:00:00,prod_034,seg_01,ctx_063,0.327,2,0
log_0103,2024-01-12 19:00:00,prod_018,seg_04,ctx_012,0.543,3,0
log_0104,2024-01-05 16:00:00,prod_014,seg_04,ctx_010,0.662,4,1
log_0105,2024-01-22 13:00:00,prod_036,seg_02,ctx_023,0.475,3,0
log_0106,2024-01-09 06:00:00,prod_030,seg_00,ctx_017,0.743,4,1
log_0107,2024-01-10 23:00:00,prod_006,seg_02,ctx_009,0.448,3,0
log_0108,2024-01-22 09:00:00,prod_028,seg_02,ctx_095,0.36,2,0
log_0109,2024-01-26 17:00:00,prod_013,seg_04,ctx_071,0.741,4,1
log_0110,2024-01-19 21:00:00,prod_017,seg_00,ctx_030,0.868,4,1
log_0111,2024-01-25 05:00:00,prod_040,seg_01,ctx_031,0.778,4,1
log_0112,2024-01-12 14:00:00,prod_016,seg_00,ctx_086,0.523,3,0
log_0113,2024-01-15 03:00:00,prod_033,seg_04,ctx_069,0.458,3,0
log_0114,2024-01-18 23:00:00,prod_009,seg_01,ctx_097,0.559,3,0
log_0115,2024-01-27 04:00:00,prod_016,seg_03,ctx_063,0.788,4,1
log_0116,2024-01-22 18:00:00,prod_040,seg_03,ctx_035,0.71,4,1
log_0117,2024-01-29 05:00:00,prod_046,seg_00,ctx_052,0.334,2,0
log_0118,2024-01-15 07:00:00,prod_042,seg_03,ctx_075,0.888,5,1
log_0119,2024-01-15 23:00:00,prod_034,seg_02,ctx_057,0.538,3,0
log_0120,2024-01-25 03:00:00,prod_005,seg_01,ctx_079,0.502,3,0
log_0121,2024-01-25 09:00:00,prod_039,seg_00,ctx_090,0.381,3,0
log_0122,2024-01-11 20:00:00,prod_038,seg_00,ctx_006,0.654,4,1
log_0123,2024-01-27 10:00:00,prod_046,seg_03,ctx_081,0.435,3,0
log_0124,2024-01-24 15:00:00,prod_044,seg_04,ctx_069,0.389,3,0
log_0125,2024-01-06 07:00:00,prod_018,seg_04,ctx_068,0.513,3,0
log_0126,2024-01-23 10:00:00,prod_023,seg_00,ctx_087,0.859,4,1
log_0127,2024-01-05 00:00:00,prod_035,seg_04,ctx_077,0.644,4,1
log_0128,2024-01-08 15:00:00,prod_049,seg_02,ctx_066,0.843,4,1
log_0129,2024-01-30 15:00:00,prod_009,seg_02,ctx_002,0.45,3,0
log_0130,2024-01-06 07:00:00,prod_049,seg_01,ctx_049,0.842,4,1
log_0131,2024-01-26 13:00:00,prod_015,seg_04,ctx_088,0.464,3,0
log_0132,2024-01-05 19:00:00,prod_031,seg_01,ctx_026,0.394,3,0
log_0133,2024-01-24 14:00:00,prod_036,seg_02,ctx_031,0.732,4,1
log_0134,2024-01-10 07:00:00,prod_019,seg_01,ctx_027,0.64,4,1
log_0135,2024-01-14 21:00:00,prod_040,seg_04,ctx_087,0.779,4,1
log_0136,2024-01-19 19:00:00,prod_042,seg_01,ctx_025,0.333,2,0
log_0137,2024-01-20 21:00:00,prod_040,seg_04,ctx_004,0.63,4,1
log_0138,2024-01-17 06:00:00,prod_034,seg_00,ctx_074,0.32,2,0
log_0139,2024-01-30 09:00:00,prod_040,seg_02,ctx_070,0.879,5,1
log_0140,2024-01-10 22:00:00,prod_027,seg_03,ctx_023,0.72,4,1
log_0141,2024-01-20 03:00:00,prod_031,seg_03,ctx_023,0.729,4,1
log_0142,2024-01-29 09:00:00,prod_028,seg_00,ctx_041,0.31,2,0
log_0143,2024-01-05 14:00:00,prod_022,seg_00,ctx_027,0.601,3,1
log_0144,2024-01-29 15:00:00,prod_008,seg_00,ctx_033,0.537,3,0
log_0145,2024-01-18 03:00:00,prod_018,seg_01,ctx_004,0.35,2,0
log_0146,2024-01-30 06:00:00,prod_022,seg_04,ctx_097,0.724,4,1
log_0147,2024-01-24 06:00:00,prod_020,seg_01,ctx_096,0.348,2,0
log_0148,2024-01-16 09:00:00,prod_000,seg_03,ctx_086,0.37,2,0
log_0149,2024-01-20 15:00:00,prod_023,seg_02,ctx_074,0.498,3,0
log_0150,2024-01-13 22:00:00,prod_013,seg_00,ctx_086,0.31,2,0
log_0151,2024-01-14 20:00:00,prod_037,seg_01,ctx_080,0.311,2,0
log_0152,2024-01-21 13:00:00,prod_042,seg_00,ctx_022,0.868,4,1
log_0153,2024-01-24 14:00:00,prod_033,seg_00,ctx_023,0.39,3,0
log_0154,2024-01-25 09:00:00,prod_044,seg_00,ctx_081,0.757,4,1
log_0155,2024-01-06 02:00:00,prod_046,seg_02,ctx_017,0.885,5,1
log_0156,2024-01-10 22:00:00,prod_023,seg_02,ctx_042,0.616,3,1
log_0157,2024-01-12 23:00:00,prod_013,seg_01,ctx_029,0.666,4,1
log_0158,2024-01-30 15:00:00,prod_000,seg_04,ctx_045,0.383,3,0
log_0159,2024-01-25 11:00:00,prod_047,seg_03,ctx_077,0.648,4,1
log_0160,2024-01-13 12:00:00,prod_016,seg_03,ctx_057,0.454,3,0
log_0161,2024-01-21 17:00:00,prod_003,seg_03,ctx_075,0.624,3,1
log_0162,2024-01-18 22:00:00,prod_040,seg_02,ctx_025,0.469,3,0
log_0163,2024-01-01 21:00:00,prod_035,seg_01,ctx_025,0.385,3,0
log_0164,2024-01-09 21:00:00,prod_007,seg_01,ctx_092,0.376,3,0
log_0165,2024-01-02 14:00:00,prod_038,seg_02,ctx_051,0.314,2,0
log_0166,2024-01-08 23:00:00,prod_020,seg_01,ctx_034,0.829,4,1
log_0167,2024-01-18 13:00:00,prod_008,seg_04,ctx_008,0.364,2,0
log_0168,2024-01-19 04:00:00,prod_029,seg_00,ctx_034,0.57,3,0
log_0169,2024-01-01 06:00:00,prod_015,seg_03,ctx_067,0.54,3,0
log_0170,2024-01-29 03:00:00,prod_042,seg_02,ctx_052,0.521,3,0
log_0171,2024-01-26 02:00:00,prod_035,seg_01,ctx_081,0.866,4,1
log_0172,2024-01-28 15:00:00,prod_000,seg_04,ctx_029,0.41,3,0
log_0173,2024-01-28 00:00:00,prod_031,seg_03,ctx_055,0.617,3,1
log_0174,2024-01-04 15:00:00,prod_034,seg_03,ctx_066,0.771,4,1
log_0175,2024-01-21 11:00:00,prod_022,seg_04,ctx_006,0.439,3,0
log_0176,2024-01-29 02:00:00,prod_034,seg_04,ctx_047,0.782,4,1
log_0177,2024-01-27 01:00:00,prod_019,seg_03,ctx_077,0.615,3,1
log_0178,2024-01-29 08:00:00,prod_003,seg_03,ctx_034,0.436,3,0
log_0179,2024-01-28 15:00:00,prod_003,seg_00,ctx_098,0.438,3,0
log_0180,2024-01-16 15:00:00,prod_008,seg_01,ctx_098,0.884,5,1
log_0181,2024-01-01 08:00:00,prod_042,seg_03,ctx_000,0.539,3,0
log_0182,2024-01-05 02:00:00,prod_000,seg_02,ctx_082,0.778,4,1
log_0183,2024-01-19 07:00:00,prod_020,seg_01,ctx_008,0.829,4,1
log_0184,2024-01-03 05:00:00,prod_010,seg_03,ctx_016,0.79,4,1
log_0185,2024-01-23 01:00:00,prod_024,seg_01,ctx_082,0.673,4,1
log_0186,2024-01-17 23:00:00,prod_013,seg_01,ctx_055,0.31,2,0
log_0187,2024-01-19 12:00:00,prod_026,seg_01,ctx_088,0.629,4,1
log_0188,2024-01-09 00:00:00,prod_035,seg_04,ctx_026,0.683,4,1
log_0189,2024-01-20 15:00:00,prod_025,seg_03,ctx_070,0.644,4,1
log_0190,2024-01-12 08:00:00,prod_007,seg_02,ctx_070,0.889,5,1
log_0191,2024-01-11 09:00:00,prod_019,seg_01,ctx_047,0.332,2,0
log_0192,2024-01-10 11:00:00,prod_001,seg_02,ctx_097,0.788,4,1
log_0193,2024-01-17 10:00:00,prod_031,seg_02,ctx_069,0.333,2,0
log_0194,2024-01-20 08:00:00,prod_048,seg_04,ctx_032,0.628,4,1
log_0195,2024-01-25 01:00:00,prod_027,seg_04,ctx_017,0.654,4,1
log_0196,2024-01-05 22:00:00,prod_039,seg_03,ctx_001,0.364,2,0
log_0197,2024-01-17 22:00:00,prod_014,seg_03,ctx_068,0.876,5,1
log_0198,2024-01-13 20:00:00,prod_003,seg_00,ctx_074,0.327,2,0
log_0199,2024-01-03 14:00:00,prod_012,seg_01,ctx_009,0.791,4,1
log_0200,2024-01-13 00:00:00,prod_005,seg_01,ctx_014,0.584,3,0
log_0201,2024-01-20 17:00:00,prod_012,seg_02,ctx_056,0.455,3,0
log_0202,2024-01-10 10:00:00,prod_041,seg_02,ctx_044,0.433,3,0
log_0203,2024-01-17 07:00:00,prod_046,seg_03,ctx_040,0.502,3,0
log_0204,2024-01-07 09:00:00,prod_031,seg_03,ctx_009,0.423,3,0
log_0205,2024-01-28 19:00:00,prod_033,seg_03,ctx_060,0.311,2,0
log_0206,2024-01-06 23:00:00,prod_006,seg_01,ctx_099,0.357,2,0
log_0207,2024-01-14 17:00:00,prod_026,seg_01,ctx_043,0.342,2,0
log_0208,2024-01-25 07:00:00,prod_024,seg_03,ctx_084,0.896,5,1
log_0209,2024-01-18 18:00:00,prod_001,seg_03,ctx_017,0.884,5,1
log_0210,2024-01-09 20:00:00,prod_001,seg_00,ctx_034,0.735,4,1
log_0211,2024-01-22 12:00:00,prod_036,seg_00,ctx_045,0.599,3,0
log_0212,2024-01-08 17:00:00,prod_024,seg_03,ctx_054,0.552,3,0
log_0213,2024-01-20 14:00:00,prod_012,seg_01,ctx_059,0.329,2,0
log_0214,2024-01-25 23:00:00,prod_029,seg_03,ctx_000,0.515,3,0
log_0215,2024-01-30 12:00:00,prod_024,seg_02,ctx_046,0.319,2,0
log_0216,2024-01-19 13:00:00,prod_001,seg_00,ctx_026,0.825,4,1
log_0217,2024-01-22 06:00:00,prod_000,seg_00,ctx_087,0.634,4,1
log_0218,2024-01-03 13:00:00,prod_039,seg_00,ctx_022,0.77,4,1
log_0219,2024-01-01 08:00:00,prod_029,seg_03,ctx_060,0.455,3,0
log_0220,2024-01-08 21:00:00,prod_037,seg_02,ctx_052,0.819,4,1
log_0221,2024-01-26 23:00:00,prod_047,seg_01,ctx_040,0.491,3,0
log_0222,2024-01-26 02:00:00,prod_000,seg_01,ctx_069,0.736,4,1
log_0223,2024-01-04 16:00:00,prod_001,seg_03,ctx_001,0.565,3,0
log_0224,2024-01-17 17:00:00,prod_043,seg_01,ctx_064,0.654,4,1
log_0225,2024-01-11 12:00:00,prod_000,seg_03,ctx_004,0.68,4,1
log_0226,2024-01-12 09:00:00,prod_014,seg_01,ctx_091,0.376,3,0
log_0227,2024-01-03 03:00:00,prod_031,seg_01,ctx_050,0.761,4,1
log_0228,2024-01-29 20:00:00,prod_046,seg_00,ctx_074,0.807,4,1
log_0229,2024-01-20 04:00:00,prod_007,seg_02,ctx_003,0.848,4,1
log_0230,2024-01-10 09:00:00,prod_008,seg_02,ctx_027,0.782,4,1
log_0231,2024-01-08 17:00:00,prod_014,seg_03,ctx_063,0.855,4,1
log_0232,2024-01-28 01:00:00,prod_019,seg_02,ctx_008,0.468,3,0
log_0233,2024-01-18 14:00:00,prod_046,seg_00,ctx_087,0.623,3,1
log_0234,2024-01-05 12:00:00,prod_017,seg_01,ctx_032,0.529,3,0
log_0235,2024-01-23 20:00:00,prod_039,seg_01,ctx_066,0.354,2,0
log_0236,2024-01-23 16:00:00,prod_004,seg_01,ctx_049,0.853,4,1
log_0237,2024-01-13 08:00:00,prod_021,seg_01,ctx_027,0.838,4,1
log_0238,2024-01-08 17:00:00,prod_023,seg_01,ctx_012,0.697,4,1
log_0239,2024-01-07 12:00:00,prod_011,seg_01,ctx_009,0.331,2,0
log_0240,2024-01-13 13:00:00,prod_048,seg_03,ctx_021,0.459,3,0
log_0241,2024-01-13 01:00:00,prod_032,seg_04,ctx_064,0.709,4,1
log_0242,2024-01-30 20:00:00,prod_025,seg_02,ctx_045,0.627,4,1
log_0243,2024-01-05 21:00:00,prod_029,seg_04,ctx_072,0.61,3,1
log_0244,2024-01-30 19:00:00,prod_046,seg_01,ctx_023,0.356,2,0
log_0245,2024-01-14 01:00:00,prod_020,seg_04,ctx_016,0.672,4,1
log_0246,2024-01-15 10:00:00,prod_033,seg_02,ctx_008,0.416,3,0
log_0247,2024-01-13 00:00:00,prod_007,seg_03,ctx_076,0.324,2,0
log_0248,2024-01-16 16:00:00,prod_007,seg_04,ctx_020,0.416,3,0
log_0249,2024-01-25 08:00:00,prod_035,seg_04,ctx_051,0.67,4,1
log_0250,2024-01-18 06:00:00,prod_031,seg_01,ctx_054,0.689,4,1
log_0251,2024-01-13 21:00:00,prod_016,seg_02,ctx_042,0.803,4,1
log_0252,2024-01-24 04:00:00,prod_005,seg_01,ctx_085,0.367,2,0
log_0253,2024-01-15 10:00:00,prod_044,seg_04,ctx_094,0.889,5,1
log_0254,2024-01-19 14:00:00,prod_022,seg_01,ctx_084,0.723,4,1
log_0255,2024-01-16 08:00:00,prod_024,seg_03,ctx_009,0.786,4,1
log_0256,2024-01-27 03:00:00,prod_041,seg_02,ctx_020,0.44,3,0
log_0257,2024-01-26 11:00:00,prod_010,seg_03,ctx_056,0.495,3,0
log_0258,2024-01-27 10:00:00,prod_017,seg_01,ctx_054,0.868,4,1
log_0259,2024-01-01 08:00:00,prod_031,seg_02,ctx_036,0.738,4,1
log_0260,2024-01-05 05:00:00,prod_041,seg_04,ctx_092,0.861,4,1
log_0261,2024-01-03 21:00:00,prod_012,seg_04,ctx_090,0.663,4,1
log_0262,2024-01-25 02:00:00,prod_035,seg_04,ctx_054,0.387,3,0
log_0263,2024-01-14 06:00:00,prod_047,seg_00,ctx_011,0.382,3,0
log_0264,2024-01-15 14:00:00,prod_016,seg_01,ctx_070,0.311,2,0
log_0265,2024-01-08 21:00:00,prod_015,seg_03,ctx_011,0.855,4,1
log_0266,2024-01-10 08:00:00,prod_015,seg_03,ctx_060,0.579,3,0
log_0267,2024-01-18 04:00:00,prod_009,seg_04,ctx_031,0.803,4,1
log_0268,2024-01-09 23:00:00,prod_039,seg_04,ctx_094,0.897,5,1
log_0269,2024-01-01 01:00:00,prod_012,seg_02,ctx_046,0.626,4,1
log_0270,2024-01-30 23:00:00,prod_015,seg_01,ctx_012,0.706,4,1
log_0271,2024-01-29 01:00:00,prod_023,seg_02,ctx_083,0.628,4,1
log_0272,2024-01-02 17:00:00,prod_004,seg_04,ctx_070,0.784,4,1
log_0273,2024-01-17 01:00:00,prod_000,seg_01,ctx_011,0.86,4,1
log_0274,2024-01-25 14:00:00,prod_034,seg_01,ctx_082,0.672,4,1
log_0275,2024-01-17 15:00:00,prod_025,seg_02,ctx_014,0.776,4,1
log_0276,2024-01-04 20:00:00,prod_030,seg_03,ctx_050,0.384,3,0
log_0277,2024-01-10 01:00:00,prod_004,seg_03,ctx_036,0.402,3,0
log_0278,2024-01-14 22:00:00,prod_022,seg_04,ctx_004,0.808,4,1
log_0279,2024-01-21 00:00:00,prod_033,seg_00,ctx_018,0.41,3,0
log_0280,2024-01-24 10:00:00,prod_022,seg_04,ctx_003,0.629,4,1
log_0281,2024-01-07 21:00:00,prod_038,seg_02,ctx_015,0.637,4,1
log_0282,2024-01-04 22:00:00,prod_044,seg_00,ctx_002,0.464,3,0
log_0283,2024-01-07 02:00:00,prod_009,seg_02,ctx_096,0.461,3,0
log_0284,2024-01-10 13:00:00,prod_020,seg_04,ctx_000,0.332,2,0
log_0285,2024-01-17 14:00:00,prod_039,seg_01,ctx_033,0.619,3,1
log_0286,2024-01-22 01:00:00,prod_012,seg_04,ctx_001,0.307,2,0
log_0287,2024-01-17 17:00:00,prod_046,seg_02,ctx_030,0.934,5,1
log_0288,2024-01-30 08:00:00,prod_013,seg_03,ctx_033,0.745,4,1
log_0289,2024-01-15 15:00:00,prod_028,seg_01,ctx_037,0.602,3,1
log_0290,2024-01-21 15:00:00,prod_049,seg_02,ctx_032,0.39,3,0
log_0291,2024-01-05 23:00:00,prod_010,seg_02,ctx_057,0.658,4,1
log_0292,2024-01-24 14:00:00,prod_039,seg_00,ctx_088,0.405,3,0
log_0293,2024-01-20 00:00:00,prod_010,seg_02,ctx_065,0.74,4,1
log_0294,2024-01-30 11:00:00,prod_049,seg_02,ctx_024,0.629,4,1
log_0295,2024-01-08 12:00:00,prod_019,seg_00,ctx_047,0.65,4,1
log_0296,2024-01-29 02:00:00,prod_023,seg_00,ctx_041,0.86,4,1
log_0297,2024-01-02 00:00:00,prod_043,seg_00,ctx_075,0.359,2,0
log_0298,2024-01-02 23:00:00,prod_031,seg_03,ctx_034,0.457,3,0
log_0299,2024-01-15 14:00:00,prod_013,seg_00,ctx_055,0.414,3,0
log_0300,2024-01-28 16:00:00,prod_039,seg_00,ctx_058,0.55,3,0
log_0301,2024-01-07 08:00:00,prod_003,seg_04,ctx_098,0.499,3,0
log_0302,2024-01-02 03:00:00,prod_037,seg_04,ctx_039,0.543,3,0
log_0303,2024-01-11 01:00:00,prod_032,seg_02,ctx_040,0.304,2,0
log_0304,2024-01-28 03:00:00,prod_049,seg_04,ctx_023,0.885,5,1
log_0305,2024-01-10 17:00:00,prod_017,seg_04,ctx_061,0.715,4,1
log_0306,2024-01-01 23:00:00,prod_016,seg_02,ctx_072,0.846,4,1
log_0307,2024-01-25 10:00:00,prod_048,seg_03,ctx_018,0.502,3,0
log_0308,2024-01-05 17:00:00,prod_033,seg_00,ctx_092,0.516,3,0
log_0309,2024-01-27 19:00:00,prod_022,seg_04,ctx_016,0.402,3,0
log_0310,2024-01-13 14:00:00,prod_039,seg_04,ctx_036,0.696,4,1
log_0311,2024-01-30 23:00:00,prod_043,seg_03,ctx_032,0.897,5,1
log_0312,2024-01-20 15:00:00,prod_015,seg_01,ctx_073,0.336,2,0
log_0313,2024-01-01 19:00:00,prod_019,seg_01,ctx_041,0.667,4,1
log_0314,2024-01-07 18:00:00,prod_019,seg_02,ctx_079,0.361,2,0
log_0315,2024-01-21 19:00:00,prod_008,seg_00,ctx_054,0.885,5,1
log_0316,2024-01-22 14:00:00,prod_029,seg_04,ctx_030,0.683,4,1
log_0317,2024-01-10 09:00:00,prod_023,seg_02,ctx_018,0.381,3,0
log_0318,2024-01-16 17:00:00,prod_028,seg_00,ctx_047,0.539,3,0
log_0319,2024-01-22 23:00:00,prod_001,seg_04,ctx_019,0.359,2,0
log_0320,2024-01-30 12:00:00,prod_027,seg_00,ctx_092,0.398,3,0
log_0321,2024-01-30 20:00:00,prod_000,seg_00,ctx_061,0.639,4,1
log_0322,2024-01-20 20:00:00,prod_047,seg_02,ctx_024,0.418,3,0
log_0323,2024-01-17 04:00:00,prod_036,seg_00,ctx_031,0.366,2,0
log_0324,2024-01-11 15:00:00,prod_023,seg_04,ctx_007,0.343,2,0
log_0325,2024-01-01 10:00:00,prod_046,seg_04,ctx_001,0.88,5,1
log_0326,2024-01-08 13:00:00,prod_005,seg_04,ctx_054,0.75,4,1
log_0327,2024-01-01 17:00:00,prod_037,seg_01,ctx_020,0.745,4,1
log_0328,2024-01-30 10:00:00,prod_010,seg_04,ctx_001,0.303,2,0
log_0329,2024-01-08 19:00:00,prod_048,seg_02,ctx_045,0.473,3,0
log_0330,2024-01-11 22:00:00,prod_020,seg_04,ctx_044,0.327,2,0
log_0331,2024-01-14 05:00:00,prod_009,seg_03,ctx_006,0.448,3,0
log_0332,2024-01-21 04:00:00,prod_023,seg_02,ctx_055,0.573,3,0
log_0333,2024-01-07 08:00:00,prod_003,seg_03,ctx_049,0.478,3,0
log_0334,2024-01-21 19:00:00,prod_014,seg_02,ctx_096,0.575,3,0
log_0335,2024-01-12 09:00:00,prod_043,seg_03,ctx_093,0.408,3,0
log_0336,2024-01-10 05:00:00,prod_034,seg_02,ctx_013,0.479,3,0
log_0337,2024-01-06 11:00:00,prod_046,seg_00,ctx_089,0.798,4,1
log_0338,2024-01-27 10:00:00,prod_008,seg_00,ctx_058,0.507,3,0
log_0339,2024-01-12 18:00:00,prod_044,seg_01,ctx_015,0.754,4,1
log_0340,2024-01-03 04:00:00,prod_037,seg_01,ctx_071,0.463,3,0
log_0341,2024-01-25 01:00:00,prod_036,seg_03,ctx_022,0.639,4,1
log_0342,2024-01-06 20:00:00,prod_045,seg_02,ctx_021,0.51,3,0
log_0343,2024-01-11 21:00:00,prod_041,seg_00,ctx_053,0.373,2,0
log_0344,2024-01-15 04:00:00,prod_019,seg_02,ctx_021,0.644,4,1
log_0345,2024-01-13 00:00:00,prod_021,seg_04,ctx_021,0.85,4,1
log_0346,2024-01-29 09:00:00,prod_028,seg_01,ctx_094,0.651,4,1
log_0347,2024-01-30 13:00:00,prod_047,seg_00,ctx_026,0.811,4,1
log_0348,2024-01-02 18:00:00,prod_000,seg_01,ctx_072,0.566,3,0
log_0349,2024-01-13 11:00:00,prod_048,seg_04,ctx_017,0.673,4,1
log_0350,2024-01-28 14:00:00,prod_037,seg_02,ctx_051,0.848,4,1
log_0351,2024-01-15 03:00:00,prod_002,seg_03,ctx_091,0.518,3,0
log_0352,2024-01-21 02:00:00,prod_018,seg_00,ctx_012,0.681,4,1
log_0353,2024-01-04 02:00:00,prod_014,seg_03,ctx_067,0.335,2,0
log_0354,2024-01-09 03:00:00,prod_002,seg_01,ctx_093,0.324,2,0
log_0355,2024-01-19 00:00:00,prod_003,seg_02,ctx_039,0.567,3,0
log_0356,2024-01-27 19:00:00,prod_014,seg_03,ctx_014,0.423,3,0
log_0357,2024-01-15 03:00:00,prod_032,seg_02,ctx_022,0.48,3,0
log_0358,2024-01-19 17:00:00,prod_039,seg_00,ctx_035,0.478,3,0
log_0359,2024-01-29 17:00:00,prod_024,seg_01,ctx_092,0.527,3,0
log_0360,2024-01-04 06:00:00,prod_017,seg_03,ctx_015,0.425,3,0
log_0361,2024-01-12 01:00:00,prod_007,seg_04,ctx_094,0.328,2,0
log_0362,2024-01-05 10:00:00,prod_003,seg_03,ctx_099,0.337,2,0
log_0363,2024-01-13 03:00:00,prod_024,seg_00,ctx_058,0.7,4,1
log_0364,2024-01-07 09:00:00,prod_023,seg_03,ctx_083,0.657,4,1
log_0365,2024-01-08 07:00:00,prod_026,seg_01,ctx_092,0.716,4,1
log_0366,2024-01-03 01:00:00,prod_049,seg_02,ctx_075,0.567,3,0
log_0367,2024-01-26 04:00:00,prod_041,seg_04,ctx_070,0.827,4,1
log_0368,2024-01-01 07:00:00,prod_033,seg_01,ctx_070,0.857,4,1
log_0369,2024-01-27 02:00:00,prod_016,seg_00,ctx_084,0.718,4,1
log_0370,2024-01-13 09:00:00,prod_046,seg_01,ctx_099,0.574,3,0
log_0371,2024-01-05 13:00:00,prod_022,seg_01,ctx_092,0.624,3,1
log_0372,2024-01-15 01:00:00,prod_003,seg_00,ctx_086,0.511,3,0
log_0373,2024-01-28 01:00:00,prod_039,seg_02,ctx_026,0.852,4,1
log_0374,2024-01-09 17:00:00,prod_000,seg_01,ctx_076,0.756,4,1
log_0375,2024-01-02 00:00:00,prod_009,seg_00,ctx_008,0.863,4,1
log_0376,2024-01-29 22:00:00,prod_016,seg_00,ctx_059,0.563,3,0
log_0377,2024-01-02 03:00:00,prod_004,seg_00,ctx_042,0.343,2,0
log_0378,2024-01-29 02:00:00,prod_022,seg_04,ctx_015,0.83,4,1
log_0379,2024-01-18 13:00:00,prod_041,seg_01,ctx_096,0.405,3,0
log_0380,2024-01-11 18:00:00,prod_046,seg_00,ctx_005,0.886,5,1
log_0381,2024-01-10 14:00:00,prod_000,seg_04,ctx_087,0.48,3,0
log_0382,2024-01-05 23:00:00,prod_043,seg_01,ctx_058,0.364,2,0
log_0383,2024-01-06 20:00:00,prod_041,seg_03,ctx_099,0.799,4,1
log_0384,2024-01-20 06:00:00,prod_048,seg_01,ctx_034,0.332,2,0
log_0385,2024-01-15 07:00:00,prod_028,seg_03,ctx_076,0.599,3,0
log_0386,2024-01-04 12:00:00,prod_014,seg_01,ctx_077,0.443,3,0
log_0387,2024-01-21 14:00:00,prod_031,seg_03,ctx_000,0.331,2,0
log_0388,2024-01-21 18:00:00,prod_003,seg_04,ctx_026,0.658,4,1
log_0389,2024-01-15 00:00:00,prod_011,seg_02,ctx_049,0.397,3,0
log_0390,2024-01-11 01:00:00,prod_021,seg_00,ctx_096,0.588,3,0
log_0391,2024-01-19 05:00:00,prod_024,seg_04,ctx_096,0.477,3,0
log_0392,2024-01-01 04:00:00,prod_022,seg_01,ctx_046,0.846,4,1
log_0393,2024-01-14 07:00:00,prod_042,seg_04,ctx_084,0.766,4,1
log_0394,2024-01-10 07:00:00,prod_007,seg_02,ctx_048,0.723,4,1
log_0395,2024-01-08 20:00:00,prod_045,seg_03,ctx_020,0.406,3,0
log_0396,2024-01-27 12:00:00,prod_032,seg_04,ctx_063,0.759,4,1
log_0397,2024-01-12 01:00:00,prod_041,seg_03,ctx_066,0.559,3,0
log_0398,2024-01-03 01:00:00,prod_014,seg_02,ctx_054,0.794,4,1
log_0399,2024-01-28 07:00:00,prod_020,seg_04,ctx_096,0.813,4,1
log_0400,2024-01-19 13:00:00,prod_020,seg_04,ctx_048,0.411,3,0
log_0401,2024-01-23 07:00:00,prod_031,seg_04,ctx_052,0.562,3,0
log_0402,2024-01-05 17:00:00,prod_014,seg_00,ctx_055,0.512,3,0
log_0403,2024-01-16 11:00:00,prod_002,seg_01,ctx_084,0.663,4,1
log_0404,2024-01-15 03:00:00,prod_017,seg_02,ctx_074,0.663,4,1
log_0405,2024-01-02 12:00:00,prod_001,seg_01,ctx_061,0.508,3,0
log_0406,2024-01-02 03:00:00,prod_008,seg_01,ctx_021,0.396,3,0
log_0407,2024-01-09 13:00:00,prod_016,seg_02,ctx_000,0.717,4,1
log_0408,2024-01-11 18:00:00,prod_047,seg_04,ctx_002,0.399,3,0
log_0409,2024-01-09 14:00:00,prod_039,seg_02,ctx_057,0.475,3,0
log_0410,2024-01-14 13:00:00,prod_034,seg_00,ctx_020,0.559,3,0
log_0411,2024-01-20 03:00:00,prod_014,seg_03,ctx_089,0.794,4,1
log_0412,2024-01-18 21:00:00,prod_020,seg_04,ctx_082,0.801,4,1
log_0413,2024-01-30 07:00:00,prod_032,seg_03,ctx_085,0.712,4,1
log_0414,2024-01-28 08:00:00,prod_038,seg_00,ctx_080,0.719,4,1
log_0415,2024-01-13 20:00:00,prod_043,seg_00,ctx_096,0.333,2,0
log_0416,2024-01-22 19:00:00,prod_034,seg_03,ctx_073,0.701,4,1
log_0417,2024-01-17 22:00:00,prod_034,seg_00,ctx_064,0.34,2,0
log_0418,2024-01-17 01:00:00,prod_039,seg_03,ctx_096,0.637,4,1
log_0419,2024-01-02 22:00:00,prod_027,seg_01,ctx_089,0.715,4,1
log_0420,2024-01-16 18:00:00,prod_021,seg_01,ctx_062,0.421,3,0
log_0421,2024-01-29 10:00:00,prod_047,seg_01,ctx_039,0.646,4,1
log_0422,2024-01-11 02:00:00,prod_004,seg_03,ctx_048,0.455,3,0
log_0423,2024-01-03 00:00:00,prod_001,seg_01,ctx_075,0.432,3,0
log_0424,2024-01-02 12:00:00,prod_029,seg_00,ctx_015,0.846,4,1
log_0425,2024-01-27 16:00:00,prod_020,seg_02,ctx_080,0.429,3,0
log_0426,2024-01-07 05:00:00,prod_034,seg_00,ctx_009,0.302,2,0
log_0427,2024-01-07 09:00:00,prod_002,seg_04,ctx_039,0.338,2,0
log_0428,2024-01-18 20:00:00,prod_025,seg_01,ctx_073,0.662,4,1
log_0429,2024-01-15 19:00:00,prod_022,seg_02,ctx_085,0.512,3,0
log_0430,2024-01-04 02:00:00,prod_045,seg_00,ctx_004,0.395,3,0
log_0431,2024-01-23 16:00:00,prod_022,seg_03,ctx_047,0.891,5,1
log_0432,2024-01-22 11:00:00,prod_015,seg_01,ctx_012,0.557,3,0
log_0433,2024-01-02 21:00:00,prod_040,seg_03,ctx_004,0.385,3,0
log_0434,2024-01-16 20:00:00,prod_027,seg_01,ctx_087,0.487,3,0
log_0435,2024-01-03 12:00:00,prod_021,seg_01,ctx_088,0.404,3,0
log_0436,2024-01-05 00:00:00,prod_027,seg_03,ctx_096,0.786,4,1
log_0437,2024-01-30 03:00:00,prod_033,seg_01,ctx_039,0.746,4,1
log_0438,2024-01-01 11:00:00,prod_049,seg_03,ctx_065,0.686,4,1
log_0439,2024-01-08 05:00:00,prod_009,seg_04,ctx_094,0.554,3,0
log_0440,2024-01-10 21:00:00,prod_004,seg_01,ctx_098,0.477,3,0
log_0441,2024-01-06 21:00:00,prod_049,seg_03,ctx_002,0.486,3,0
log_0442,2024-01-08 00:00:00,prod_014,seg_00,ctx_048,0.707,4,1
log_0443,2024-01-05 20:00:00,prod_013,seg_01,ctx_050,0.63,4,1
log_0444,2024-01-11 12:00:00,prod_009,seg_04,ctx_093,0.802,4,1
log_0445,2024-01-14 01:00:00,prod_000,seg_03,ctx_068,0.699,4,1
log_0446,2024-01-26 19:00:00,prod_038,seg_00,ctx_079,0.376,3,0
log_0447,2024-01-02 21:00:00,prod_012,seg_04,ctx_054,0.715,4,1
log_0448,2024-01-29 10:00:00,prod_007,seg_03,ctx_083,0.697,4,1
log_0449,2024-01-03 12:00:00,prod_007,seg_02,ctx_062,0.686,4,1
log_0450,2024-01-17 17:00:00,prod_021,seg_04,ctx_048,0.526,3,0
log_0451,2024-01-07 15:00:00,prod_048,seg_04,ctx_024,0.315,2,0
log_0452,2024-01-04 02:00:00,prod_029,seg_03,ctx_011,0.687,4,1
log_0453,2024-01-03 03:00:00,prod_048,seg_00,ctx_073,0.513,3,0
log_0454,2024-01-25 19:00:00,prod_005,seg_01,ctx_081,0.782,4,1
log_0455,2024-01-21 03:00:00,prod_034,seg_00,ctx_030,0.69,4,1
log_0456,2024-01-24 07:00:00,prod_002,seg_03,ctx_094,0.468,3,0
log_0457,2024-01-23 11:00:00,prod_025,seg_02,ctx_025,0.891,5,1
log_0458,2024-01-22 23:00:00,prod_031,seg_03,ctx_090,0.751,4,1
log_0459,2024-01-16 19:00:00,prod_027,seg_00,ctx_064,0.649,4,1
log_0460,2024-01-06 06:00:00,prod_018,seg_03,ctx_059,0.442,3,0
log_0461,2024-01-08 11:00:00,prod_035,seg_00,ctx_095,0.793,4,1
log_0462,2024-01-15 19:00:00,prod_034,seg_02,ctx_094,0.442,3,0
log_0463,2024-01-13 17:00:00,prod_015,seg_00,ctx_059,0.397,3,0
log_0464,2024-01-09 05:00:00,prod_042,seg_01,ctx_023,0.72,4,1
log_0465,2024-01-11 21:00:00,prod_049,seg_04,ctx_033,0.636,4,1
log_0466,2024-01-09 10:00:00,prod_007,seg_04,ctx_038,0.675,4,1
log_0467,2024-01-13 07:00:00,prod_046,seg_00,ctx_043,0.786,4,1
log_0468,2024-01-29 22:00:00,prod_006,seg_04,ctx_011,0.544,3,0
log_0469,2024-01-26 16:00:00,prod_018,seg_02,ctx_070,0.653,4,1
log_0470,2024-01-11 13:00:00,prod_004,seg_04,ctx_020,0.374,2,0
log_0471,2024-01-24 18:00:00,prod_013,seg_00,ctx_018,0.656,4,1
log_0472,2024-01-22 07:00:00,prod_009,seg_02,ctx_054,0.576,3,0
log_0473,2024-01-09 22:00:00,prod_002,seg_04,ctx_007,0.4,3,0
log_0474,2024-01-01 15:00:00,prod_014,seg_04,ctx_093,0.321,2,0
log_0475,2024-01-27 11:00:00,prod_015,seg_03,ctx_062,0.644,4,1
log_0476,2024-01-20 11:00:00,prod_042,seg_00,ctx_010,0.499,3,0
log_0477,2024-01-23 17:00:00,prod_003,seg_00,ctx_014,0.511,3,0
log_0478,2024-01-17 12:00:00,prod_042,seg_01,ctx_014,0.891,5,1
log_0479,2024-01-07 23:00:00,prod_026,seg_00,ctx_071,0.653,4,1
log_0480,2024-01-29 23:00:00,prod_036,seg_04,ctx_060,0.418,3,0
log_0481,2024-01-03 12:00:00,prod_034,seg_04,ctx_094,0.776,4,1
log_0482,2024-01-13 01:00:00,prod_017,seg_01,ctx_077,0.865,4,1
log_0483,2024-01-18 15:00:00,prod_040,seg_03,ctx_075,0.585,3,0
log_0484,2024-01-11 11:00:00,prod_030,seg_02,ctx_044,0.472,3,0
log_0485,2024-01-20 14:00:00,prod_017,seg_02,ctx_074,0.532,3,0
log_0486,2024-01-09 03:00:00,prod_041,seg_03,ctx_016,0.481,3,0
log_0487,2024-01-26 04:00:00,prod_007,seg_00,ctx_020,0.736,4,1
log_0488,2024-01-07 14:00:00,prod_016,seg_02,ctx_063,0.456,3,0
log_0489,2024-01-02 23:00:00,prod_007,seg_02,ctx_041,0.976,5,1
log_0490,2024-01-27 21:00:00,prod_001,seg_02,ctx_092,0.777,4,1
log_0491,2024-01-18 22:00:00,prod_029,seg_03,ctx_034,0.682,4,1
log_0492,2024-01-06 13:00:00,prod_041,seg_02,ctx_058,0.777,4,1
log_0493,2024-01-16 22:00:00,prod_043,seg_00,ctx_068,0.631,4,1
log_0494,2024-01-11 01:00:00,prod_030,seg_02,ctx_047,0.308,2,0
log_0495,2024-01-29 09:00:00,prod_033,seg_03,ctx_095,0.61,3,1
log_0496,2024-01-28 18:00:00,prod_016,seg_03,ctx_016,0.443,3,0
log_0497,2024-01-12 11:00:00,prod_008,seg_04,ctx_046,0.637,4,1
log_0498,2024-01-23 11:00:00,prod_024,seg_04,ctx_074,0.83,4,1
log_0499,2024-01-11 20:00:00,prod_049,seg_03,ctx_034,0.305,2,0
log_0500,2024-01-26 08:00:00,prod_009,seg_02,ctx_023,0.499,3,0
log_0501,2024-01-07 11:00:00,prod_041,seg_00,ctx_097,0.368,2,0
log_0502,2024-01-16 00:00:00,prod_002,seg_02,ctx_066,0.584,3,0
log_0503,2024-01-09 00:00:00,prod_031,seg_04,ctx_025,0.461,3,0
log_0504,2024-01-16 01:00:00,prod_040,seg_02,ctx_096,0.73,4,1
log_0505,2024-01-13 18:00:00,prod_002,seg_02,ctx_095,0.848,4,1
log_0506,2024-01-05 11:00:00,prod_005,seg_01,ctx_067,0.375,3,0
log_0507,2024-01-03 21:00:00,prod_049,seg_00,ctx_032,0.657,4,1
log_0508,2024-01-22 09:00:00,prod_049,seg_02,ctx_072,0.515,3,0
log_0509,2024-01-21 12:00:00,prod_000,seg_02,ctx_053,0.851,4,1
log_0510,2024-01-06 22:00:00,prod_037,seg_02,ctx_088,0.318,2,0
log_0511,2024-01-15 01:00:00,prod_027,seg_01,ctx_072,0.477,3,0
log_0512,2024-01-10 13:00:00,prod_005,seg_00,ctx_038,0.848,4,1
log_0513,2024-01-11 09:00:00,prod_015,seg_03,ctx_092,0.612,3,1
log_0514,2024-01-23 14:00:00,prod_009,seg_00,ctx_052,0.872,4,1
log_0515,2024-01-29 15:00:00,prod_031,seg_03,ctx_029,0.758,4,1
log_0516,2024-01-18 09:00:00,prod_014,seg_02,ctx_016,0.577,3,0
log_0517,2024-01-01 18:00:00,prod_040,seg_03,ctx_060,0.644,4,1
log_0518,2024-01-24 14:00:00,prod_048,seg_01,ctx_038,0.762,4,1
log_0519,2024-01-03 18:00:00,prod_049,seg_02,ctx_043,0.896,5,1
log_0520,2024-01-14 09:00:00,prod_011,seg_00,ctx_052,0.454,3,0
log_0521,2024-01-07 09:00:00,prod_039,seg_01,ctx_093,0.323,2,0
log_0522,2024-01-03 08:00:00,prod_048,seg_04,ctx_088,0.613,3,1
log_0523,2024-01-05 08:00:00,prod_011,seg_02,ctx_061,0.303,2,0
log_0524,2024-01-21 20:00:00,prod_021,seg_01,ctx_006,0.675,4,1
log_0525,2024-01-21 10:00:00,prod_016,seg_00,ctx_058,0.562,3,0
log_0526,2024-01-18 10:00:00,prod_013,seg_03,ctx_095,0.604,3,1
log_0527,2024-01-13 06:00:00,prod_049,seg_01,ctx_065,0.413,3,0
log_0528,2024-01-23 10:00:00,prod_020,seg_04,ctx_011,0.643,4,1
log_0529,2024-01-20 16:00:00,prod_004,seg_00,ctx_013,0.787,4,1
log_0530,2024-01-29 19:00:00,prod_012,seg_03,ctx_083,0.802,4,1
log_0531,2024-01-09 23:00:00,prod_048,seg_04,ctx_081,0.898,5,1
log_0532,2024-01-11 21:00:00,prod_008,seg_04,ctx_034,0.513,3,0
log_0533,2024-01-10 05:00:00,prod_039,seg_00,ctx_052,0.532,3,0
log_0534,2024-01-04 15:00:00,prod_002,seg_00,ctx_050,0.735,4,1
log_0535,2024-01-15 22:00:00,prod_048,seg_04,ctx_090,0.452,3,0
log_0536,2024-01-25 00:00:00,prod_040,seg_02,ctx_016,0.527,3,0
log_0537,2024-01-04 22:00:00,prod_011,seg_02,ctx_069,0.619,3,1
log_0538,2024-01-15 07:00:00,prod_006,seg_02,ctx_076,0.458,3,0
log_0539,2024-01-17 18:00:00,prod_022,seg_01,ctx_065,0.561,3,0
log_0540,2024-01-05 12:00:00,prod_046,seg_00,ctx_037,0.797,4,1
log_0541,2024-01-29 19:00:00,prod_015,seg_00,ctx_052,0.308,2,0
log_0542,2024-01-24 11:00:00,prod_012,seg_00,ctx_009,0.357,2,0
log_0543,2024-01-18 19:00:00,prod_014,seg_00,ctx_061,0.448,3,0
log_0544,2024-01-20 04:00:00,prod_039,seg_03,ctx_037,0.75,4,1
log_0545,2024-01-30 04:00:00,prod_017,seg_03,ctx_082,0.699,4,1
log_0546,2024-01-24 21:00:00,prod_002,seg_01,ctx_016,0.504,3,0
log_0547,2024-01-23 00:00:00,prod_044,seg_03,ctx_011,0.428,3,0
log_0548,2024-01-02 18:00:00,prod_024,seg_02,ctx_065,0.396,3,0
log_0549,2024-01-21 11:00:00,prod_027,seg_02,ctx_044,0.72,4,1
log_0550,2024-01-02 10:00:00,prod_010,seg_00,ctx_081,0.411,3,0
log_0551,2024-01-15 02:00:00,prod_048,seg_04,ctx_063,0.739,4,1
log_0552,2024-01-21 10:00:00,prod_021,seg_00,ctx_082,0.658,4,1
log_0553,2024-01-01 05:00:00,prod_000,seg_02,ctx_083,0.956,5,1
log_0554,2024-01-14 21:00:00,prod_013,seg_03,ctx_091,0.715,4,1
log_0555,2024-01-14 15:00:00,prod_002,seg_01,ctx_006,0.438,3,0
log_0556,2024-01-15 21:00:00,prod_006,seg_03,ctx_044,0.389,3,0
log_0557,2024-01-11 05:00:00,prod_017,seg_02,ctx_013,0.348,2,0
log_0558,2024-01-09 22:00:00,prod_011,seg_00,ctx_022,0.602,3,1
log_0559,2024-01-06 04:00:00,prod_022,seg_03,ctx_099,0.665,4,1
log_0560,2024-01-09 23:00:00,prod_046,seg_00,ctx_096,0.746,4,1
log_0561,2024-01-10 01:00:00,prod_036,seg_02,ctx_018,0.339,2,0
log_0562,2024-01-15 01:00:00,prod_027,seg_01,ctx_069,0.814,4,1
log_0563,2024-01-26 01:00:00,prod_023,seg_02,ctx_053,0.389,3,0
log_0564,2024-01-22 04:00:00,prod_003,seg_02,ctx_038,0.601,3,1
log_0565,2024-01-21 00:00:00,prod_012,seg_02,ctx_084,0.477,3,0
log_0566,2024-01-15 05:00:00,prod_033,seg_01,ctx_055,0.652,4,1
log_0567,2024-01-28 04:00:00,prod_024,seg_03,ctx_026,0.506,3,0
log_0568,2024-01-15 14:00:00,prod_035,seg_04,ctx_095,0.838,4,1
log_0569,2024-01-18 18:00:00,prod_013,seg_00,ctx_034,0.711,4,1
log_0570,2024-01-18 16:00:00,prod_022,seg_02,ctx_098,0.488,3,0
log_0571,2024-01-18 01:00:00,prod_049,seg_02,ctx_063,0.869,4,1
log_0572,2024-01-09 12:00:00,prod_018,seg_03,ctx_045,0.846,4,1
log_0573,2024-01-11 07:00:00,prod_021,seg_02,ctx_059,0.448,3,0
log_0574,2024-01-05 22:00:00,prod_034,seg_04,ctx_051,0.82,4,1
log_0575,2024-01-15 15:00:00,prod_045,seg_03,ctx_025,0.635,4,1
log_0576,2024-01-17 20:00:00,prod_045,seg_03,ctx_005,0.845,4,1
log_0577,2024-01-12 08:00:00,prod_010,seg_03,ctx_021,0.631,4,1
log_0578,2024-01-19 17:00:00,prod_008,seg_04,ctx_006,0.835,4,1
log_0579,2024-01-14 15:00:00,prod_029,seg_04,ctx_044,0.811,4,1
log_0580,2024-01-30 16:00:00,prod_026,seg_02,ctx_064,0.413,3,0
log_0581,2024-01-25 11:00:00,prod_032,seg_04,ctx_020,0.563,3,0
log_0582,2024-01-15 09:00:00,prod_049,seg_02,ctx_076,0.787,4,1
log_0583,2024-01-08 07:00:00,prod_010,seg_03,ctx_070,0.491,3,0
log_0584,2024-01-06 11:00:00,prod_029,seg_01,ctx_069,0.5,3,0
log_0585,2024-01-24 05:00:00,prod_029,seg_02,ctx_049,0.338,2,0
log_0586,2024-01-14 06:00:00,prod_024,seg_03,ctx_046,0.777,4,1
log_0587,2024-01-16 04:00:00,prod_013,seg_03,ctx_010,0.362,2,0
log_0588,2024-01-19 09:00:00,prod_047,seg_02,ctx_011,0.937,5,1
log_0589,2024-01-24 07:00:00,prod_008,seg_02,ctx_039,0.554,3,0
log_0590,2024-01-26 18:00:00,prod_020,seg_00,ctx_011,0.578,3,0
log_0591,2024-01-27 09:00:00,prod_041,seg_00,ctx_090,0.396,3,0
log_0592,2024-01-26 10:00:00,prod_011,seg_02,ctx_050,0.42,3,0
log_0593,2024-01-15 15:00:00,prod_032,seg_02,ctx_038,0.472,3,0
log_0594,2024-01-07 09:00:00,prod_012,seg_00,ctx_074,0.423,3,0
log_0595,2024-01-16 17:00:00,prod_042,seg_02,ctx_076,0.551,3,0
log_0596,2024-01-23 11:00:00,prod_043,seg_03,ctx_053,0.656,4,1
log_0597,2024-01-21 21:00:00,prod_027,seg_01,ctx_048,0.632,4,1
log_0598,2024-01-05 02:00:00,prod_001,seg_01,ctx_047,0.74,4,1
log_0599,2024-01-15 04:00:00,prod_043,seg_04,ctx_054,0.787,4,1
log_0600,2024-01-19 20:00:00,prod_006,seg_04,ctx_083,0.668,4,1
log_0601,2024-01-02 05:00:00,prod_004,seg_01,ctx_080,0.508,3,0
log_0602,2024-01-12 22:00:00,prod_033,seg_03,ctx_074,0.512,3,0
log_0603,2024-01-28 15:00:00,prod_028,seg_00,ctx_012,0.712,4,1
log_0604,2024-01-15 17:00:00,prod_046,seg_01,ctx_031,0.348,2,0
log_0605,2024-01-05 03:00:00,prod_027,seg_01,ctx_099,0.556,3,0
log_0606,2024-01-10 03:00:00,prod_010,seg_00,ctx_053,0.823,4,1
log_0607,2024-01-17 13:00:00,prod_007,seg_00,ctx_047,0.767,4,1
log_0608,2024-01-04 09:00:00,prod_009,seg_02,ctx_091,0.543,3,0
log_0609,2024-01-23 22:00:00,prod_036,seg_03,ctx_057,0.75,4,1
log_0610,2024-01-19 19:00:00,prod_039,seg_01,ctx_016,0.555,3,0
log_0611,2024-01-01 09:00:00,prod_011,seg_03,ctx_001,0.896,5,1
log_0612,2024-01-30 10:00:00,prod_007,seg_04,ctx_091,0.434,3,0
log_0613,2024-01-15 12:00:00,prod_008,seg_04,ctx_004,0.432,3,0
log_0614,2024-01-16 03:00:00,prod_020,seg_03,ctx_080,0.865,4,1
log_0615,2024-01-16 15:00:00,prod_041,seg_03,ctx_085,0.835,4,1
log_0616,2024-01-07 00:00:00,prod_026,seg_01,ctx_059,0.73,4,1
log_0617,2024-01-07 09:00:00,prod_041,seg_04,ctx_095,0.557,3,0
log_0618,2024-01-07 13:00:00,prod_038,seg_04,ctx_031,0.662,4,1
log_0619,2024-01-19 20:00:00,prod_018,seg_00,ctx_010,0.892,5,1
log_0620,2024-01-23 18:00:00,prod_023,seg_00,ctx_035,0.353,2,0
log_0621,2024-01-08 12:00:00,prod_045,seg_02,ctx_097,0.512,3,0
log_0622,2024-01-08 09:00:00,prod_033,seg_00,ctx_089,0.89,5,1
log_0623,2024-01-02 07:00:00,prod_026,seg_00,ctx_049,0.392,3,0
log_0624,2024-01-28 17:00:00,prod_045,seg_00,ctx_058,0.615,3,1
log_0625,2024-01-16 10:00:00,prod_025,seg_02,ctx_030,0.643,4,1
log_0626,2024-01-08 01:00:00,prod_029,seg_00,ctx_091,0.698,4,1
log_0627,2024-01-11 12:00:00,prod_012,seg_01,ctx_043,0.533,3,0
log_0628,2024-01-02 02:00:00,prod_035,seg_03,ctx_079,0.43,3,0
log_0629,2024-01-27 08:00:00,prod_034,seg_00,ctx_023,0.854,4,1
log_0630,2024-01-18 22:00:00,prod_010,seg_04,ctx_098,0.475,3,0
log_0631,2024-01-23 21:00:00,prod_012,seg_04,ctx_016,0.317,2,0
log_0632,2024-01-11 17:00:00,prod_017,seg_04,ctx_021,0.764,4,1
log_0633,2024-01-07 14:00:00,prod_040,seg_04,ctx_052,0.496,3,0
log_0634,2024-01-03 02:00:00,prod_049,seg_03,ctx_069,0.841,4,1
log_0635,2024-01-27 10:00:00,prod_037,seg_03,ctx_000,0.436,3,0
log_0636,2024-01-08 10:00:00,prod_040,seg_03,ctx_064,0.352,2,0
log_0637,2024-01-29 10:00:00,prod_041,seg_04,ctx_014,0.414,3,0
log_0638,2024-01-04 03:00:00,prod_036,seg_04,ctx_060,0.829,4,1
log_0639,2024-01-30 22:00:00,prod_029,seg_00,ctx_006,0.469,3,0
log_0640,2024-01-29 23:00:00,prod_044,seg_04,ctx_029,0.535,3,0
log_0641,2024-01-19 03:00:00,prod_021,seg_03,ctx_055,0.698,4,1
log_0642,2024-01-02 00:00:00,prod_034,seg_03,ctx_022,0.48,3,0
log_0643,2024-01-02 04:00:00,prod_026,seg_00,ctx_083,0.697,4,1
log_0644,2024-01-05 18:00:00,prod_026,seg_00,ctx_027,0.465,3,0
log_0645,2024-01-26 10:00:00,prod_042,seg_03,ctx_025,0.34,2,0
log_0646,2024-01-18 21:00:00,prod_021,seg_03,ctx_050,0.384,3,0
log_0647,2024-01-20 05:00:00,prod_001,seg_02,ctx_084,0.334,2,0
log_0648,2024-01-11 10:00:00,prod_019,seg_01,ctx_095,0.785,4,1
log_0649,2024-01-10 16:00:00,prod_013,seg_04,ctx_083,0.575,3,0
log_0650,2024-01-02 04:00:00,prod_005,seg_00,ctx_042,0.302,2,0
log_0651,2024-01-03 02:00:00,prod_044,seg_01,ctx_080,0.507,3,0
log_0652,2024-01-10 00:00:00,prod_022,seg_03,ctx_099,0.377,3,0
log_0653,2024-01-13 06:00:00,prod_014,seg_03,ctx_068,0.583,3,0
log_0654,2024-01-03 09:00:00,prod_020,seg_03,ctx_040,0.763,4,1
log_0655,2024-01-20 14:00:00,prod_013,seg_00,ctx_045,0.556,3,0
log_0656,2024-01-19 19:00:00,prod_027,seg_01,ctx_050,0.833,4,1
log_0657,2024-01-08 09:00:00,prod_048,seg_02,ctx_094,0.436,3,0
log_0658,2024-01-08 23:00:00,prod_006,seg_03,ctx_018,0.372,2,0
log_0659,2024-01-13 17:00:00,prod_007,seg_01,ctx_084,0.508,3,0
log_0660,2024-01-02 20:00:00,prod_044,seg_01,ctx_033,0.681,4,1
log_0661,2024-01-03 01:00:00,prod_042,seg_01,ctx_097,0.499,3,0
log_0662,2024-01-07 12:00:00,prod_021,seg_01,ctx_042,0.641,4,1
log_0663,2024-01-13 18:00:00,prod_005,seg_04,ctx_002,0.367,2,0
log_0664,2024-01-27 17:00:00,prod_041,seg_01,ctx_054,0.633,4,1
log_0665,2024-01-19 21:00:00,prod_038,seg_04,ctx_088,0.588,3,0
log_0666,2024-01-15 17:00:00,prod_049,seg_00,ctx_064,0.476,3,0
log_0667,2024-01-26 12:00:00,prod_042,seg_03,ctx_044,0.609,3,1
log_0668,2024-01-20 09:00:00,prod_048,seg_02,ctx_097,0.358,2,0
log_0669,2024-01-09 06:00:00,prod_026,seg_00,ctx_080,0.391,3,0
log_0670,2024-01-03 00:00:00,prod_047,seg_00,ctx_003,0.334,2,0
log_0671,2024-01-23 18:00:00,prod_049,seg_03,ctx_006,0.328,2,0
log_0672,2024-01-14 08:00:00,prod_041,seg_00,ctx_046,0.411,3,0
log_0673,2024-01-13 23:00:00,prod_008,seg_04,ctx_005,0.328,2,0
log_0674,2024-01-09 00:00:00,prod_008,seg_04,ctx_047,0.629,4,1
log_0675,2024-01-24 07:00:00,prod_042,seg_00,ctx_047,0.34,2,0
log_0676,2024-01-08 00:00:00,prod_000,seg_02,ctx_040,0.547,3,0
log_0677,2024-01-29 09:00:00,prod_035,seg_01,ctx_096,0.891,5,1
log_0678,2024-01-02 22:00:00,prod_015,seg_01,ctx_040,0.35,2,0
log_0679,2024-01-25 09:00:00,prod_005,seg_02,ctx_031,0.623,3,1
log_0680,2024-01-22 07:00:00,prod_010,seg_03,ctx_021,0.578,3,0
log_0681,2024-01-02 19:00:00,prod_038,seg_01,ctx_047,0.334,2,0
log_0682,2024-01-23 17:00:00,prod_010,seg_01,ctx_099,0.435,3,0
log_0683,2024-01-22 00:00:00,prod_029,seg_04,ctx_084,0.539,3,0
log_0684,2024-01-23 00:00:00,prod_039,seg_00,ctx_002,0.515,3,0
log_0685,2024-01-24 06:00:00,prod_015,seg_00,ctx_066,0.36,2,0
log_0686,2024-01-04 00:00:00,prod_021,seg_04,ctx_074,0.313,2,0
log_0687,2024-01-30 22:00:00,prod_048,seg_03,ctx_019,0.797,4,1
log_0688,2024-01-15 23:00:00,prod_048,seg_04,ctx_026,0.737,4,1
log_0689,2024-01-14 17:00:00,prod_014,seg_03,ctx_023,0.618,3,1
log_0690,2024-01-20 14:00:00,prod_023,seg_04,ctx_034,0.898,5,1
log_0691,2024-01-12 00:00:00,prod_041,seg_01,ctx_078,0.809,4,1
log_0692,2024-01-28 02:00:00,prod_042,seg_00,ctx_041,0.435,3,0
log_0693,2024-01-17 12:00:00,prod_015,seg_01,ctx_024,0.869,4,1
log_0694,2024-01-10 16:00:00,prod_043,seg_01,ctx_076,0.5,3,0
log_0695,2024-01-13 11:00:00,prod_002,seg_04,ctx_054,0.563,3,0
log_0696,2024-01-06 06:00:00,prod_001,seg_01,ctx_028,0.588,3,0
log_0697,2024-01-13 01:00:00,prod_037,seg_02,ctx_089,0.409,3,0
log_0698,2024-01-01 10:00:00,prod_040,seg_03,ctx_075,0.541,3,0
log_0699,2024-01-06 01:00:00,prod_038,seg_00,ctx_084,0.502,3,0
log_0700,2024-01-30 10:00:00,prod_016,seg_01,ctx_085,0.508,3,0
log_0701,2024-01-05 10:00:00,prod_014,seg_03,ctx_020,0.574,3,0
log_0702,2024-01-20 12:00:00,prod_030,seg_00,ctx_048,0.818,4,1
log_0703,2024-01-09 09:00:00,prod_005,seg_02,ctx_003,0.798,4,1
log_0704,2024-01-10 05:00:00,prod_039,seg_04,ctx_076,0.445,3,0
log_0705,2024-01-21 13:00:00,prod_008,seg_04,ctx_008,0.401,3,0
log_0706,2024-01-28 16:00:00,prod_016,seg_01,ctx_037,0.458,3,0
log_0707,2024-01-05 07:00:00,prod_040,seg_01,ctx_095,0.351,2,0
log_0708,2024-01-27 15:00:00,prod_018,seg_04,ctx_065,0.433,3,0
log_0709,2024-01-21 13:00:00,prod_002,seg_04,ctx_092,0.657,4,1
log_0710,2024-01-04 13:00:00,prod_022,seg_00,ctx_025,0.455,3,0
log_0711,2024-01-20 10:00:00,prod_020,seg_01,ctx_017,0.448,3,0
log_0712,2024-01-02 15:00:00,prod_039,seg_01,ctx_065,0.628,4,1
log_0713,2024-01-15 14:00:00,prod_000,seg_04,ctx_090,0.527,3,0
log_0714,2024-01-14 11:00:00,prod_020,seg_03,ctx_047,0.849,4,1
log_0715,2024-01-28 18:00:00,prod_009,seg_01,ctx_073,0.868,4,1
log_0716,2024-01-12 09:00:00,prod_018,seg_01,ctx_087,0.756,4,1
log_0717,2024-01-12 18:00:00,prod_032,seg_02,ctx_019,0.813,4,1
log_0718,2024-01-08 00:00:00,prod_048,seg_04,ctx_042,0.756,4,1
log_0719,2024-01-15 14:00:00,prod_024,seg_04,ctx_021,0.729,4,1
log_0720,2024-01-03 15:00:00,prod_030,seg_01,ctx_039,0.573,3,0
log_0721,2024-01-25 10:00:00,prod_016,seg_03,ctx_016,0.64,4,1
log_0722,2024-01-19 04:00:00,prod_013,seg_03,ctx_081,0.705,4,1
log_0723,2024-01-20 13:00:00,prod_016,seg_00,ctx_043,0.349,2,0
log_0724,2024-01-19 22:00:00,prod_007,seg_01,ctx_036,0.399,3,0
log_0725,2024-01-13 09:00:00,prod_002,seg_00,ctx_089,0.31,2,0
log_0726,2024-01-23 21:00:00,prod_016,seg_01,ctx_019,0.81,4,1
log_0727,2024-01-12 16:00:00,prod_018,seg_03,ctx_000,0.563,3,0
log_0728,2024-01-12 22:00:00,prod_000,seg_01,ctx_001,0.454,3,0
log_0729,2024-01-23 16:00:00,prod_013,seg_02,ctx_012,0.621,3,1
log_0730,2024-01-26 17:00:00,prod_045,seg_03,ctx_000,0.883,5,1
log_0731,2024-01-03 08:00:00,prod_025,seg_03,ctx_031,0.874,4,1
log_0732,2024-01-28 09:00:00,prod_000,seg_02,ctx_071,0.743,4,1
log_0733,2024-01-07 01:00:00,prod_034,seg_01,ctx_042,0.88,5,1
log_0734,2024-01-21 06:00:00,prod_041,seg_01,ctx_046,0.412,3,0
log_0735,2024-01-20 06:00:00,prod_012,seg_02,ctx_060,0.744,4,1
log_0736,2024-01-18 23:00:00,prod_043,seg_03,ctx_072,0.389,3,0
log_0737,2024-01-10 23:00:00,prod_017,seg_00,ctx_087,0.788,4,1
log_0738,2024-01-23 05:00:00,prod_030,seg_02,ctx_002,0.892,5,1
log_0739,2024-01-05 09:00:00,prod_037,seg_03,ctx_003,0.655,4,1
log_0740,2024-01-08 13:00:00,prod_044,seg_02,ctx_063,0.607,3,1
log_0741,2024-01-27 14:00:00,prod_000,seg_02,ctx_054,0.575,3,0
log_0742,2024-01-26 16:00:00,prod_040,seg_02,ctx_023,0.415,3,0
log_0743,2024-01-30 01:00:00,prod_030,seg_00,ctx_081,0.56,3,0
log_0744,2024-01-13 20:00:00,prod_004,seg_02,ctx_005,0.557,3,0
log_0745,2024-01-07 17:00:00,prod_037,seg_04,ctx_057,0.755,4,1
log_0746,2024-01-09 02:00:00,prod_016,seg_03,ctx_067,0.736,4,1
log_0747,2024-01-14 10:00:00,prod_023,seg_02,ctx_015,0.788,4,1
log_0748,2024-01-24 19:00:00,prod_019,seg_01,ctx_086,0.779,4,1
log_0749,2024-01-24 16:00:00,prod_016,seg_00,ctx_001,0.528,3,0
log_0750,2024-01-16 16:00:00,prod_016,seg_02,ctx_048,0.776,4,1
log_0751,2024-01-09 14:00:00,prod_036,seg_04,ctx_055,0.458,3,0
log_0752,2024-01-27 15:00:00,prod_010,seg_03,ctx_098,0.513,3,0
log_0753,2024-01-21 15:00:00,prod_031,seg_01,ctx_090,0.624,3,1
log_0754,2024-01-07 19:00:00,prod_035,seg_00,ctx_051,0.397,3,0
log_0755,2024-01-29 13:00:00,prod_042,seg_03,ctx_065,0.324,2,0
log_0756,2024-01-23 18:00:00,prod_011,seg_04,ctx_007,0.536,3,0
log_0757,2024-01-30 09:00:00,prod_046,seg_03,ctx_075,0.652,4,1
log_0758,2024-01-05 20:00:00,prod_045,seg_03,ctx_015,0.328,2,0
log_0759,2024-01-24 05:00:00,prod_045,seg_00,ctx_007,0.41,3,0
log_0760,2024-01-03 04:00:00,prod_026,seg_03,ctx_039,0.771,4,1
log_0761,2024-01-24 09:00:00,prod_003,seg_04,ctx_067,0.63,4,1
log_0762,2024-01-04 20:00:00,prod_036,seg_03,ctx_096,0.352,2,0
log_0763,2024-01-08 02:00:00,prod_002,seg_03,ctx_027,0.803,4,1
log_0764,2024-01-04 07:00:00,prod_005,seg_01,ctx_047,0.857,4,1
log_0765,2024-01-27 08:00:00,prod_012,seg_04,ctx_005,0.832,4,1
log_0766,2024-01-30 17:00:00,prod_027,seg_03,ctx_062,0.465,3,0
log_0767,2024-01-20 23:00:00,prod_019,seg_02,ctx_008,0.847,4,1
log_0768,2024-01-27 18:00:00,prod_034,seg_04,ctx_023,0.307,2,0
log_0769,2024-01-21 14:00:00,prod_000,seg_00,ctx_069,0.895,5,1
log_0770,2024-01-13 06:00:00,prod_010,seg_02,ctx_091,0.848,4,1
log_0771,2024-01-09 19:00:00,prod_014,seg_04,ctx_086,0.84,4,1
log_0772,2024-01-08 05:00:00,prod_038,seg_00,ctx_025,0.707,4,1
log_0773,2024-01-23 03:00:00,prod_048,seg_03,ctx_073,0.873,4,1
log_0774,2024-01-06 05:00:00,prod_032,seg_02,ctx_086,0.733,4,1
log_0775,2024-01-04 08:00:00,prod_044,seg_04,ctx_094,0.616,3,1
log_0776,2024-01-04 09:00:00,prod_007,seg_04,ctx_056,0.894,5,1
log_0777,2024-01-11 01:00:00,prod_008,seg_01,ctx_060,0.768,4,1
log_0778,2024-01-09 15:00:00,prod_007,seg_03,ctx_025,0.553,3,0
log_0779,2024-01-24 07:00:00,prod_048,seg_03,ctx_086,0.682,4,1
log_0780,2024-01-21 06:00:00,prod_031,seg_02,ctx_071,0.577,3,0
log_0781,2024-01-05 20:00:00,prod_043,seg_04,ctx_040,0.669,4,1
log_0782,2024-01-06 04:00:00,prod_039,seg_02,ctx_079,0.879,5,1
log_0783,2024-01-22 18:00:00,prod_032,seg_02,ctx_075,0.457,3,0
log_0784,2024-01-29 11:00:00,prod_025,seg_04,ctx_050,0.491,3,0
log_0785,2024-01-01 14:00:00,prod_006,seg_03,ctx_082,0.432,3,0
log_0786,2024-01-06 03:00:00,prod_030,seg_03,ctx_042,0.709,4,1
log_0787,2024-01-20 17:00:00,prod_003,seg_04,ctx_045,0.838,4,1
log_0788,2024-01-24 20:00:00,prod_009,seg_03,ctx_016,0.337,2,0
log_0789,2024-01-24 13:00:00,prod_026,seg_04,ctx_025,0.446,3,0
log_0790,2024-01-21 20:00:00,prod_035,seg_03,ctx_035,0.848,4,1
log_0791,2024-01-15 04:00:00,prod_046,seg_03,ctx_076,0.314,2,0
log_0792,2024-01-02 01:00:00,prod_031,seg_04,ctx_019,0.666,4,1
log_0793,2024-01-23 06:00:00,prod_029,seg_04,ctx_035,0.786,4,1
log_0794,2024-01-26 17:00:00,prod_017,seg_01,ctx_024,0.354,2,0
log_0795,2024-01-20 00:00:00,prod_009,seg_00,ctx_038,0.767,4,1
log_0796,2024-01-06 23:00:00,prod_040,seg_01,ctx_043,0.649,4,1
log_0797,2024-01-07 10:00:00,prod_015,seg_00,ctx_076,0.34,2,0
log_0798,2024-01-18 10:00:00,prod_037,seg_03,ctx_087,0.673,4,1
log_0799,2024-01-14 18:00:00,prod_037,seg_02,ctx_019,0.497,3,0
log_0800,2024-01-08 06:00:00,prod_011,seg_01,ctx_078,0.742,4,1
log_0801,2024-01-14 10:00:00,prod_036,seg_02,ctx_055,0.709,4,1
log_0802,2024-01-21 07:00:00,prod_009,seg_03,ctx_029,0.695,4,1
log_0803,2024-01-17 21:00:00,prod_001,seg_01,ctx_073,0.593,3,0
log_0804,2024-01-14 00:00:00,prod_009,seg_03,ctx_027,0.687,4,1
log_0805,2024-01-20 00:00:00,prod_022,seg_04,ctx_094,0.384,3,0
log_0806,2024-01-22 12:00:00,prod_021,seg_02,ctx_088,0.311,2,0
log_0807,2024-01-24 04:00:00,prod_030,seg_00,ctx_049,0.86,4,1
log_0808,2024-01-09 20:00:00,prod_046,seg_03,ctx_087,0.679,4,1
log_0809,2024-01-19 22:00:00,prod_038,seg_03,ctx_082,0.314,2,0
log_0810,2024-01-05 05:00:00,prod_004,seg_02,ctx_062,0.826,4,1
log_0811,2024-01-11 13:00:00,prod_041,seg_01,ctx_038,0.85,4,1
log_0812,2024-01-12 19:00:00,prod_009,seg_03,ctx_064,0.694,4,1
log_0813,2024-01-18 14:00:00,prod_006,seg_01,ctx_092,0.895,5,1
log_0814,2024-01-17 11:00:00,prod_010,seg_00,ctx_074,0.73,4,1
log_0815,2024-01-06 11:00:00,prod_027,seg_00,ctx_069,0.566,3,0
log_0816,2024-01-29 08:00:00,prod_016,seg_02,ctx_012,0.707,4,1
log_0817,2024-01-23 11:00:00,prod_039,seg_02,ctx_083,0.848,4,1
log_0818,2024-01-08 22:00:00,prod_030,seg_03,ctx_096,0.693,4,1
log_0819,2024-01-21 17:00:00,prod_036,seg_00,ctx_036,0.321,2,0
log_0820,2024-01-14 20:00:00,prod_012,seg_01,ctx_088,0.549,3,0
log_0821,2024-01-30 08:00:00,prod_011,seg_03,ctx_011,0.673,4,1
log_0822,2024-01-05 18:00:00,prod_048,seg_03,ctx_043,0.383,3,0
log_0823,2024-01-06 20:00:00,prod_036,seg_02,ctx_066,0.857,4,1
log_0824,2024-01-24 09:00:00,prod_027,seg_03,ctx_041,0.603,3,1
log_0825,2024-01-18 05:00:00,prod_034,seg_02,ctx_073,0.58,3,0
log_0826,2024-01-27 17:00:00,prod_012,seg_00,ctx_073,0.611,3,1
log_0827,2024-01-09 18:00:00,prod_020,seg_03,ctx_036,0.654,4,1
log_0828,2024-01-14 06:00:00,prod_048,seg_02,ctx_083,0.611,3,1
log_0829,2024-01-02 14:00:00,prod_046,seg_01,ctx_018,0.659,4,1
log_0830,2024-01-09 07:00:00,prod_043,seg_01,ctx_014,0.714,4,1
log_0831,2024-01-25 07:00:00,prod_033,seg_02,ctx_045,0.661,4,1
log_0832,2024-01-18 20:00:00,prod_038,seg_04,ctx_077,0.369,2,0
log_0833,2024-01-21 03:00:00,prod_005,seg_03,ctx_075,0.363,2,0
log_0834,2024-01-02 10:00:00,prod_005,seg_00,ctx_030,0.537,3,0
log_0835,2024-01-04 09:00:00,prod_040,seg_02,ctx_014,0.827,4,1
log_0836,2024-01-06 02:00:00,prod_035,seg_03,ctx_019,0.368,2,0
log_0837,2024-01-23 10:00:00,prod_023,seg_04,ctx_063,0.808,4,1
log_0838,2024-01-14 20:00:00,prod_019,seg_00,ctx_033,0.774,4,1
log_0839,2024-01-22 17:00:00,prod_031,seg_03,ctx_083,0.403,3,0
log_0840,2024-01-20 00:00:00,prod_049,seg_03,ctx_056,0.517,3,0
log_0841,2024-01-21 04:00:00,prod_007,seg_03,ctx_042,0.543,3,0
log_0842,2024-01-26 15:00:00,prod_038,seg_04,ctx_019,0.401,3,0
log_0843,2024-01-10 07:00:00,prod_028,seg_00,ctx_034,0.873,4,1
log_0844,2024-01-03 01:00:00,prod_037,seg_02,ctx_079,0.636,4,1
log_0845,2024-01-11 22:00:00,prod_038,seg_03,ctx_056,0.8,4,1
log_0846,2024-01-19 17:00:00,prod_015,seg_03,ctx_014,0.776,4,1
log_0847,2024-01-30 02:00:00,prod_006,seg_00,ctx_089,0.663,4,1
log_0848,2024-01-27 20:00:00,prod_013,seg_02,ctx_011,0.63,4,1
log_0849,2024-01-10 16:00:00,prod_041,seg_03,ctx_084,0.501,3,0
log_0850,2024-01-18 13:00:00,prod_010,seg_00,ctx_099,0.566,3,0
log_0851,2024-01-26 16:00:00,prod_000,seg_01,ctx_013,0.461,3,0
log_0852,2024-01-02 19:00:00,prod_008,seg_04,ctx_013,0.506,3,0
log_0853,2024-01-08 14:00:00,prod_004,seg_02,ctx_074,0.769,4,1
log_0854,2024-01-06 17:00:00,prod_045,seg_02,ctx_008,0.875,4,1
log_0855,2024-01-13 11:00:00,prod_004,seg_02,ctx_089,0.454,3,0
log_0856,2024-01-22 18:00:00,prod_046,seg_00,ctx_078,0.315,2,0
log_0857,2024-01-01 14:00:00,prod_034,seg_01,ctx_076,0.64,4,1
log_0858,2024-01-17 02:00:00,prod_016,seg_00,ctx_026,0.631,4,1
log_0859,2024-01-09 14:00:00,prod_033,seg_00,ctx_088,0.325,2,0
log_0860,2024-01-14 11:00:00,prod_025,seg_04,ctx_006,0.547,3,0
log_0861,2024-01-16 01:00:00,prod_023,seg_04,ctx_018,0.602,3,1
log_0862,2024-01-07 11:00:00,prod_028,seg_01,ctx_076,0.875,4,1
log_0863,2024-01-13 18:00:00,prod_024,seg_01,ctx_044,0.522,3,0
log_0864,2024-01-27 18:00:00,prod_039,seg_04,ctx_064,0.384,3,0
log_0865,2024-01-19 10:00:00,prod_002,seg_01,ctx_096,0.853,4,1
log_0866,2024-01-08 20:00:00,prod_048,seg_01,ctx_080,0.863,4,1
log_0867,2024-01-24 13:00:00,prod_048,seg_02,ctx_000,0.536,3,0
log_0868,2024-01-16 14:00:00,prod_018,seg_03,ctx_027,0.854,4,1
log_0869,2024-01-14 19:00:00,prod_045,seg_02,ctx_076,0.331,2,0
log_0870,2024-01-25 06:00:00,prod_024,seg_01,ctx_057,0.823,4,1
log_0871,2024-01-21 03:00:00,prod_001,seg_01,ctx_068,0.488,3,0
log_0872,2024-01-04 13:00:00,prod_036,seg_01,ctx_034,0.675,4,1
log_0873,2024-01-30 08:00:00,prod_031,seg_03,ctx_039,0.301,2,0
log_0874,2024-01-17 04:00:00,prod_028,seg_00,ctx_099,0.621,3,1
log_0875,2024-01-13 10:00:00,prod_046,seg_00,ctx_073,0.338,2,0
log_0876,2024-01-09 13:00:00,prod_015,seg_00,ctx_005,0.879,5,1
log_0877,2024-01-21 17:00:00,prod_049,seg_03,ctx_049,0.876,5,1
log_0878,2024-01-09 19:00:00,prod_000,seg_00,ctx_036,0.431,3,0
log_0879,2024-01-26 07:00:00,prod_021,seg_02,ctx_068,0.46,3,0
log_0880,2024-01-09 06:00:00,prod_026,seg_01,ctx_021,0.836,4,1
log_0881,2024-01-08 13:00:00,prod_018,seg_03,ctx_083,0.338,2,0
log_0882,2024-01-11 21:00:00,prod_013,seg_03,ctx_087,0.564,3,0
log_0883,2024-01-07 03:00:00,prod_046,seg_01,ctx_033,0.452,3,0
log_0884,2024-01-14 18:00:00,prod_030,seg_00,ctx_015,0.837,4,1
log_0885,2024-01-17 14:00:00,prod_044,seg_01,ctx_001,0.797,4,1
log_0886,2024-01-01 09:00:00,prod_007,seg_03,ctx_046,0.847,4,1
log_0887,2024-01-18 20:00:00,prod_030,seg_04,ctx_027,0.506,3,0
log_0888,2024-01-14 12:00:00,prod_026,seg_04,ctx_063,0.557,3,0
log_0889,2024-01-18 23:00:00,prod_007,seg_03,ctx_056,0.364,2,0
log_0890,2024-01-28 09:00:00,prod_039,seg_02,ctx_005,0.891,5,1
log_0891,2024-01-28 08:00:00,prod_001,seg_00,ctx_055,0.595,3,0
log_0892,2024-01-13 20:00:00,prod_042,seg_03,ctx_047,0.693,4,1
log_0893,2024-01-17 19:00:00,prod_000,seg_04,ctx_088,0.728,4,1
log_0894,2024-01-27 17:00:00,prod_018,seg_00,ctx_080,0.649,4,1
log_0895,2024-01-08 13:00:00,prod_033,seg_04,ctx_020,0.706,4,1
log_0896,2024-01-19 21:00:00,prod_005,seg_03,ctx_029,0.8,4,1
log_0897,2024-01-24 02:00:00,prod_011,seg_03,ctx_079,0.824,4,1
log_0898,2024-01-29 10:00:00,prod_003,seg_03,ctx_051,0.782,4,1
log_0899,2024-01-13 23:00:00,prod_034,seg_01,ctx_081,0.875,5,1
log_0900,2024-01-29 01:00:00,prod_003,seg_00,ctx_079,0.716,4,1
log_0901,2024-01-29 03:00:00,prod_029,seg_01,ctx_088,0.591,3,0
log_0902,2024-01-28 17:00:00,prod_001,seg_04,ctx_044,0.487,3,0
log_0903,2024-01-19 14:00:00,prod_037,seg_01,ctx_072,0.66,4,1
log_0904,2024-01-24 12:00:00,prod_021,seg_00,ctx_030,0.623,3,1
log_0905,2024-01-15 02:00:00,prod_039,seg_01,ctx_011,0.763,4,1
log_0906,2024-01-11 11:00:00,prod_016,seg_04,ctx_081,0.488,3,0
log_0907,2024-01-08 15:00:00,prod_000,seg_02,ctx_014,0.515,3,0
log_0908,2024-01-08 17:00:00,prod_002,seg_03,ctx_090,0.389,3,0
log_0909,2024-01-03 15:00:00,prod_001,seg_04,ctx_080,0.454,3,0
log_0910,2024-01-04 12:00:00,prod_003,seg_02,ctx_071,0.795,4,1
log_0911,2024-01-15 13:00:00,prod_036,seg_01,ctx_016,0.552,3,0
log_0912,2024-01-08 02:00:00,prod_008,seg_02,ctx_051,0.753,4,1
log_0913,2024-01-04 12:00:00,prod_022,seg_01,ctx_044,0.78,4,1
log_0914,2024-01-15 20:00:00,prod_006,seg_00,ctx_091,0.6,3,0
log_0915,2024-01-19 08:00:00,prod_025,seg_02,ctx_063,0.582,3,0
log_0916,2024-01-06 08:00:00,prod_022,seg_01,ctx_054,0.674,4,1
log_0917,2024-01-03 06:00:00,prod_038,seg_00,ctx_005,0.629,4,1
log_0918,2024-01-29 12:00:00,prod_014,seg_04,ctx_050,0.781,4,1
log_0919,2024-01-20 23:00:00,prod_042,seg_02,ctx_057,0.643,4,1
log_0920,2024-01-28 16:00:00,prod_041,seg_04,ctx_029,0.374,2,0
log_0921,2024-01-23 23:00:00,prod_031,seg_00,ctx_065,0.771,4,1
log_0922,2024-01-06 08:00:00,prod_034,seg_02,ctx_045,0.663,4,1
log_0923,2024-01-30 21:00:00,prod_003,seg_02,ctx_084,0.529,3,0
log_0924,2024-01-02 03:00:00,prod_048,seg_02,ctx_065,0.541,3,0
log_0925,2024-01-30 16:00:00,prod_037,seg_04,ctx_051,0.404,3,0
log_0926,2024-01-04 03:00:00,prod_047,seg_00,ctx_082,0.617,3,1
log_0927,2024-01-14 05:00:00,prod_018,seg_02,ctx_002,0.586,3,0
log_0928,2024-01-02 10:00:00,prod_039,seg_00,ctx_083,0.412,3,0
log_0929,2024-01-05 19:00:00,prod_036,seg_04,ctx_084,0.645,4,1
log_0930,2024-01-14 10:00:00,prod_041,seg_03,ctx_072,0.734,4,1
log_0931,2024-01-20 12:00:00,prod_002,seg_03,ctx_002,0.477,3,0
log_0932,2024-01-16 22:00:00,prod_012,seg_00,ctx_070,0.766,4,1
log_0933,2024-01-11 18:00:00,prod_046,seg_04,ctx_049,0.432,3,0
log_0934,2024-01-22 04:00:00,prod_041,seg_02,ctx_071,0.889,5,1
log_0935,2024-01-27 17:00:00,prod_010,seg_03,ctx_087,0.713,4,1
log_0936,2024-01-17 06:00:00,prod_016,seg_03,ctx_088,0.46,3,0
log_0937,2024-01-19 00:00:00,prod_009,seg_00,ctx_087,0.412,3,0
log_0938,2024-01-22 22:00:00,prod_026,seg_03,ctx_027,0.498,3,0
log_0939,2024-01-28 23:00:00,prod_024,seg_01,ctx_014,0.785,4,1
log_0940,2024-01-11 11:00:00,prod_008,seg_03,ctx_012,0.732,4,1
log_0941,2024-01-01 02:00:00,prod_003,seg_01,ctx_073,0.766,4,1
log_0942,2024-01-04 07:00:00,prod_004,seg_02,ctx_014,0.738,4,1
log_0943,2024-01-24 00:00:00,prod_049,seg_03,ctx_092,0.621,3,1
log_0944,2024-01-19 16:00:00,prod_038,seg_02,ctx_045,0.81,4,1
log_0945,2024-01-21 13:00:00,prod_035,seg_01,ctx_080,0.523,3,0
log_0946,2024-01-15 16:00:00,prod_024,seg_00,ctx_007,0.651,4,1
log_0947,2024-01-16 15:00:00,prod_011,seg_02,ctx_080,0.502,3,0
log_0948,2024-01-09 02:00:00,prod_005,seg_02,ctx_024,0.522,3,0
log_0949,2024-01-11 11:00:00,prod_009,seg_00,ctx_008,0.357,2,0
log_0950,2024-01-20 09:00:00,prod_044,seg_04,ctx_008,0.407,3,0
log_0951,2024-01-12 07:00:00,prod_001,seg_00,ctx_032,0.307,2,0
log_0952,2024-01-19 22:00:00,prod_026,seg_02,ctx_047,0.725,4,1
log_0953,2024-01-22 10:00:00,prod_039,seg_00,ctx_032,0.568,3,0
log_0954,2024-01-18 19:00:00,prod_032,seg_03,ctx_044,0.51,3,0
log_0955,2024-01-11 18:00:00,prod_034,seg_02,ctx_022,0.876,5,1
log_0956,2024-01-09 16:00:00,prod_039,seg_02,ctx_032,0.955,5,1
log_0957,2024-01-05 02:00:00,prod_037,seg_02,ctx_086,0.663,4,1
log_0958,2024-01-12 15:00:00,prod_038,seg_03,ctx_033,0.554,3,0
log_0959,2024-01-20 12:00:00,prod_008,seg_04,ctx_087,0.552,3,0
log_0960,2024-01-21 22:00:00,prod_010,seg_00,ctx_095,0.379,3,0
log_0961,2024-01-23 14:00:00,prod_047,seg_02,ctx_032,0.896,5,1
log_0962,2024-01-21 02:00:00,prod_038,seg_00,ctx_067,0.314,2,0
log_0963,2024-01-23 02:00:00,prod_012,seg_03,ctx_097,0.469,3,0
log_0964,2024-01-16 09:00:00,prod_017,seg_03,ctx_031,0.452,3,0
log_0965,2024-01-08 14:00:00,prod_003,seg_02,ctx_007,0.404,3,0
log_0966,2024-01-25 17:00:00,prod_044,seg_00,ctx_094,0.601,3,1
log_0967,2024-01-08 22:00:00,prod_029,seg_03,ctx_053,0.788,4,1
log_0968,2024-01-22 22:00:00,prod_032,seg_03,ctx_002,0.444,3,0
log_0969,2024-01-19 18:00:00,prod_001,seg_02,ctx_075,0.729,4,1
log_0970,2024-01-21 19:00:00,prod_005,seg_00,ctx_075,0.68,4,1
log_0971,2024-01-23 06:00:00,prod_014,seg_02,ctx_022,0.515,3,0
log_0972,2024-01-24 04:00:00,prod_030,seg_04,ctx_063,0.877,5,1
log_0973,2024-01-25 14:00:00,prod_039,seg_03,ctx_053,0.705,4,1
log_0974,2024-01-04 05:00:00,prod_038,seg_03,ctx_031,0.56,3,0
log_0975,2024-01-06 22:00:00,prod_016,seg_04,ctx_024,0.745,4,1
log_0976,2024-01-11 09:00:00,prod_025,seg_04,ctx_085,0.416,3,0
log_0977,2024-01-19 18:00:00,prod_020,seg_02,ctx_025,0.663,4,1
log_0978,2024-01-06 16:00:00,prod_019,seg_04,ctx_069,0.576,3,0
log_0979,2024-01-10 10:00:00,prod_032,seg_04,ctx_006,0.861,4,1
log_0980,2024-01-13 05:00:00,prod_008,seg_03,ctx_039,0.81,4,1
log_0981,2024-01-07 21:00:00,prod_047,seg_03,ctx_084,0.477,3,0
log_0982,2024-01-14 15:00:00,prod_038,seg_00,ctx_099,0.637,4,1
log_0983,2024-01-17 02:00:00,prod_039,seg_03,ctx_063,0.583,3,0
log_0984,2024-01-17 22:00:00,prod_046,seg_02,ctx_029,0.783,4,1
log_0985,2024-01-03 20:00:00,prod_049,seg_03,ctx_061,0.673,4,1
log_0986,2024-01-22 14:00:00,prod_021,seg_04,ctx_036,0.315,2,0
log_0987,2024-01-05 12:00:00,prod_003,seg_02,ctx_023,0.454,3,0
log_0988,2024-01-02 20:00:00,prod_030,seg_04,ctx_046,0.701,4,1
log_0989,2024-01-10 01:00:00,prod_039,seg_04,ctx_063,0.493,3,0
log_0990,2024-01-14 20:00:00,prod_006,seg_02,ctx_087,0.581,3,0
log_0991,2024-01-19 10:00:00,prod_043,seg_04,ctx_037,0.809,4,1
log_0992,2024-01-21 17:00:00,prod_005,seg_03,ctx_078,0.724,4,1
log_0993,2024-01-29 19:00:00,prod_007,seg_01,ctx_026,0.383,3,0
log_0994,2024-01-25 07:00:00,prod_027,seg_02,ctx_061,0.653,4,1
log_0995,2024-01-28 04:00:00,prod_012,seg_03,ctx_079,0.464,3,0
log_0996,2024-01-18 07:00:00,prod_033,seg_03,ctx_018,0.666,4,1
log_0997,2024-01-18 11:00:00,prod_045,seg_03,ctx_034,0.724,4,1
log_0998,2024-01-27 17:00:00,prod_019,seg_00,ctx_030,0.432,3,0
log_0999,2024-01-24 20:00:00,prod_001,seg_02,ctx_048,0.558,3,0
