title,text,subreddit,score,comment_count,timestamp,url,post_id
"NEW OR NEED HELP? Ask here! - ScA Daily Help Thread Dec 28, 2025","If you're new to SkincareAddiction: welcome!

This thread is the best place to start if you have questions about skincare products, your routine, and your skin. Our community is knowledgeable, and we want to help you have the best skin of your life!

# Do you have a question?

# Step 1: Read our resources

Be sure to check out our [FAQ](https://www.reddit.com/r/SkincareAddiction/wiki/faq) and [Wiki](https://www.reddit.com/r/SkincareAddiction/wiki/index)! There are a lot of topics covered in those links, but some of the most popular guides include:

 

* [The ScA Routine](https://www.reddit.com/r/SkincareAddiction/wiki/sca_routine) *(Need a routine? Start here!)*
* [Routine Order](https://www.reddit.com/r/SkincareAddiction/wiki/routine_order)
* [HG Product Recommendations](https://www.reddit.com/r/SkincareAddiction/wiki/hg_threads_index)

 

* [Acne](https://www.reddit.com/r/SkincareAddiction/wiki/acne)
* [Hyperigmentation](https://www.reddit.com/r/SkincareAddiction/wiki/hyperpigmentation) *(including dark acne 'scars'/marks, melasma, etc.)*
* [Dehydrated Skin](https://www.reddit.com/r/SkincareAddiction/comments/8wxwuv/misc_dehydrated_skin_an_updated_guide_to_healing/)

 

If you can't find an answer, or you have additional questions after reading, please move on to step 2!

 

# Step 2: Ask for help

To give you the best advice possible, our users need relevant information about your skin and skincare. With your request for help please include:

 

* **The issue(s)** you need help with. It's helpful to put your questions at the top of your comment (especially if it's a long one)!
* **Skin type**. It's OK to be subjective, how do you feel your skin is? Oily, dry? If you need help clarifying, check out [this guide on skin types](https://theacidqueenblog.com/2016/06/23/skin-types-proclivities-and-conditions/)
* **Current routine** with the full names of your products (try to separate it in to Morning, Evening, and Occasionally used)
* **How long** you have been using your current routine, or product in question
* **Anything new** you’ve introduced or started doing that might change the condition of your skin
* **Your location** so we can recommend products/services available to you 

Thanks for taking the time to include your information!



# Would you like to give advice?

Firstly, thank you so much for helping out our community - without your knowledge and time ScA would not be the same!

Some things we'd ask for you to keep in mind: please don't just downvote someone's opinion or response because you disagree.

If you can, please take the time to tell them why you think their advice may be incorrect or harmful. It's better for people to understand why something is a poor choice, instead of just being told that it is one!

Once a year, we have a big thank you post for everyone who has helped out in the DHT where we give out nifty flairs &amp; gold to exceptionally informative and kind users. Check out our list of [ScA Helpers](https://www.reddit.com/r/SkincareAddiction/wiki/contributors) and [our most recent thank you post](https://www.reddit.com/r/SkincareAddiction/comments/ahnt49/meta_giving_awards_and_thanking_sca_contributors/)!

Whether it be in-depth responses that deserve to be their own guides, thoughtful product recommendations, or simply pointing someone in the right direction, we appreciate all the time and effort you've made to help others!

# [Previous Threads](https://www.reddit.com/r/SkincareAddiction/search?q=title%3AAsk+ScA&amp;restrict_sr=on&amp;sort=new&amp;t=all)

*This thread is posted every day at 12:00am ET.*",SkincareAddiction,1,4,2025-12-29 00:56:32,https://old.reddit.com/r/SkincareAddiction/comments/1py00e9/new_or_need_help_ask_here_sca_daily_help_thread/,1py00e9
"[Misc] Holy Grail Products &amp; Ingredients - Week 9: Hand, Foot, &amp; Nail Care","#Hi and welcome to the [HG Hand, Foot, &amp; Nail Care](https://i.imgur.com/ZsBkQ5z.jpg) thread! 

This is the place to share your holy grail hand, foot and nail products - that hand serum that has made your hands look ten years younger; that nail oil that has made sure your talons can grow long enough to make a loud annoying tapping sound so you can finally become the velociraptor you've always wanted to be; or that one cream that stops your feet from looking like scaly harpy claws.


&amp;nbsp;

###Here’s how it works:
We have a template you can copy. Find the relevant product type in the top level comments; then reply to that comment with the template and fill it out. Include as much info as you can! Smell, product feel, packaging, effects on your skin, etc. 

&amp;nbsp;

###Template

**Product name**:
    
**Price (range)**:
    
**Country of purchase**:
    
**Ingredient list**:
    
**Special info**:
    
**Experience &amp; opinion**:

&amp;nbsp;

*Comment template notes:*
* 'Ingredient list' is optional, but encouraged. Online sellers like Amazon and review sites like Beautypedia often list a product's ingredients.  
* 'Special info' covers anything that people might be specifically looking for. Like cruelty free / vegan / fatty alcohol free / fragrance free / pH value / etc.

&amp;nbsp;

###Don't forget to have fun!

Of course, this thread isn’t just about listing a load of products - it’s also about sharing experiences! So feel free to chat about your product with others, or ask someone a question about the product they like, or share your experience with the product someone else has recced. Let’s make this thread both informative and fun :) 

&amp;nbsp;

###If you're looking for recommendations

If you're in this thread trying to find product recommendations, look for the product type you need. Use the links in the stickied comment below to navigate the thread. 

If you have any questions about the suitability of a product for your skin, or how to incorporate it into your routine, don't hesitate to post in the Daily Help Thread stickied to the top of the [front page](https://www.reddit.com/r/SkincareAddiction). 

&amp;nbsp;

---

*This thread is part of a big series of product recommendation threads. To see full schedule and previous threads, [click here](https://www.reddit.com/r/SkincareAddiction/wiki/hg_threads_index).*

*If you'd like the be notified of new Products &amp; Ingredients HG Threads, click the ['Follow'](https://i.imgur.com/LhY23aw.png) button above this post. If you're on the official reddit app, [click this link](https://www.reddit.com/r/SkincareAddiction/collection/39dd28cd-00a2-4926-ad3e-3ab39ffba443) (may not work for android).*

*Is there a problem with the thread that needs to be fixed asap? [Message the mods](https://www.reddit.com/message/compose?to=%2Fr%2FSkincareAddiction).*",SkincareAddiction,11,8,2025-04-04 19:31:01,https://old.reddit.com/r/SkincareAddiction/comments/1jrclgi/misc_holy_grail_products_ingredients_week_9_hand/,1jrclgi
[Routine Help] chin/mouth texture,"Hi skincareaddicts!

I’d love to enlist your help. After years of self diagnosis, different routines, and senselessly applying actives to this area it is still a big problem for me and nothing I’ve done has seemed to help!

I have this strange texture around my mouth which remains even without active acne. Any previously active acne leaves a red mark where it was, whether it was picked or not. There also seem to be some closed comedones toward the sides of the chin.

Now I’m wondering if it is just a damaged barrier problem?

My skin has looked like this for close to ten years, so I’m ruling out that it will go away with time.

Anyone I mention this to says they don’t see anything wrong with my skin, and while I do understand that it is minor compared to the skin problems many others face, but it is a bit of an insecurity for me and I feel a bit hopeless on how to tackle it!

I would appreciate any help or advice you have!",SkincareAddiction,63,55,2025-12-29 10:03:51,https://old.reddit.com/r/SkincareAddiction/comments/1pyco2m/routine_help_chinmouth_texture/,1pyco2m
[acne] closed comedones after 3 long years,Took me a while to figure it out,SkincareAddiction,40,9,2025-12-29 01:43:49,https://old.reddit.com/r/SkincareAddiction/comments/1py17bg/acne_closed_comedones_after_3_long_years/,1py17bg
[Product Question] My skin reacts to Cetaphil (?) and idk why,"Hii

Im from the uk.

I need help figuring out what these bumps could be and why my skin reacts differently, please explain like I’m 5 thanks

At uni, my skin is usually pretty clear. I use Vanicream Gentle Facial Cleanser and I don’t get burning.

When I go to my parents’ house, I used Cetaphil gentle skin cleanser for dry skin (thought it would be a gentle swap so I didn’t have to carry Vanicream). 

Recently when I use the Cetaphil at my parents, I get:
- red bumps between my eyebrows (not sure if it’s called acne)
- sometimes tiny cracks on the bumps that can bleed a bit
- under-eye gets flaky and burns/stings


I’m not using actives (no retinol/
acids), no scrubs, and I don’t really use other products.


I attached my skin at university vs at my parents’


TL;DR: My skin is fine with Vanicream at uni, but Cetaphil at my parents makes my under-eye burn + flake and gives me red bumps",SkincareAddiction,13,12,2025-12-29 05:53:35,https://old.reddit.com/r/SkincareAddiction/comments/1py78yb/product_question_my_skin_reacts_to_cetaphil_and/,1py78yb
[Routine Help] Thinning Eye Skin,"Hello, I am 28 and I’ve noticed the skin under my eye is getting thinner, revealing more veins and wrinkles (as you can see in the photos).

I’ve been using Medik8 Intelligent Retinol Eye for the past 3 months and I moisturise religiously but I feel I am missing a more targeted product to address skin thining. Do you have any product advice or targeted facial recommendations?

TLDR: I’m looking for product and treatment advice to prevent thining of undereye skin.

Thank you!",SkincareAddiction,27,12,2025-12-29 01:25:17,https://old.reddit.com/r/SkincareAddiction/comments/1py0qhe/routine_help_thinning_eye_skin/,1py0qhe
Smile lines? Dehydration lines? Fine lines? [Product Request],"I've had these here since I was twelve, even when I barely weighed over 100 pounds these are incredibly noticeable in any picture I take. I was wondering if there was any way to resolve these. I used to just think these were smile lines but someone told me these were dehydration lines, but I'm not sure. Any advice helps!


https://preview.redd.it/dfokbtwdi2ag1.jpg?width=376&amp;format=pjpg&amp;auto=webp&amp;s=62739614ffea69a291d960e0cb2370e01d1d3994

",SkincareAddiction,5,6,2025-12-29 09:37:16,https://old.reddit.com/r/SkincareAddiction/comments/1pyc4vb/smile_lines_dehydration_lines_fine_lines_product/,1pyc4vb
"[Routine Help] tretinoin cleared my acne, but not my texture - advice?","hi everyone! i’ve been lurking here for a while and i feel like my routine is pretty solid, but i still can’t seem to achieve that “clear skin” everyone else has. i’m looking for some guidance on my texture and redness :)

**current routine:**

**AM**

1. rinse with water
2. medicube toner pads
3. vanicream daily face moisturizer
4. birch juice spf 45

**PM**

1. roundlab dokdo cleanser
2. medicube toner pads
3. vanicream daily moisturizer
4. tret 0.05%
5. vanicream daily moisturizer

**PM (1x/week)**

1. dokdo cleanser
2. medicube toner
3. The Ordinary AHA/BHA peel
4. vanicream moisturizer

i started the aha/bha primarily for acne scars, but i’ve only been used it twice so far.

**extra context:**

i’ve read up on some potential issues, and many people have mentioned a damaged skin barrier, but i don’t \*think\* that’s the issue 😅

i was previously on 1% tret for about 4 months, which cleared my skin but was extremely drying. i switched to 0.05% about 1.5 months ago, and it’s been great - no burning, no peeling, and i rarely get pimples now!! (and when i do, they’re tiny and go away within a day or two)

i’ve tried anua azelaic acid multiple times, but it \*always\* makes me break out badly, so i’ve just started to avoid it lol

i’ve already tried focusing on repairing my barrier (no exfoliants, only moisturizer), it’s fine at first but after a few days it makes me break out. even when i did that, i still had these bumps!! tret seems to be the only thing to consistently keep my acne at bay, so i don’t think i should cut it out

**skin concerns:**

* tiny bumps / uneven texture
* redness on my cheeks

professionals have told me different things, but i’d describe my skin as normal-to-dry and acne-prone

any advice would be extremely appreciated. i’m in high school and still learning how to manage this, and looking at my skin up close only makes me depressed lol. thank you in advance!!

i’ll update this if i find a solution incase anyone is dealing with the same thing :)

(also, if more/different photos are needed lmk - i’m bad at this.)

  
EDIT: fixed spelling",SkincareAddiction,4,12,2025-12-29 10:32:24,https://old.reddit.com/r/SkincareAddiction/comments/1pyd96a/routine_help_tretinoin_cleared_my_acne_but_not_my/,1pyd96a
[Product question] Is this roll of silicone scar tape just as good as ScarAway sheets?,"The tape roll is a better value, but I want to make sure it’ll work just as well as ScarAway. ",SkincareAddiction,14,2,2025-12-29 03:06:16,https://old.reddit.com/r/SkincareAddiction/comments/1py38lr/product_question_is_this_roll_of_silicone_scar/,1py38lr
Solution for dairy acne- spearmint tea!!! [Acne],"So a friend of mine got me on drinking spearmint tea several years ago after telling me about some research published on it's effects on hormonal acne (no, I don't have the studies, she's the research guru and she has yet to fail me so I just gave it a try). The studies say 2x a day, but I only drink one.

That eliminated almost all of my acne- like 90-95% of it. The kicker was if I ever missed a day, I'd get a pretty unpleasant breakout. I'd still also breakout if I ever missed my retinol, if I expelled a blackhead and irritated it, or if I ever ate dairy. But it eliminated my period breakouts and I had a lot of days where my skin was completely clear, which I almost never had before.

So the biggest problem was the dairy. I've been becoming more and more lactose intolerant, so I've been eliminating it from my diet anyways. That made the pattern more obvious, because the breakouts come 2-3 weeks after. So having ice cream before my period every few months, then breaking out while ovulating after every time was a dead giveaway and I eventually gave that up too. 

But even cheese and yogurt make me breakout a little and there's a point where I don't want to be such a purist with my food that I can't enjoy anything so I looked into it and one of the theories about the cause is it's all the hormones in milk.

So I knew what to try. But I hate spearmint tea lol. Finally saw that post and started a month ago. A couple days after I was in a self sabotage mode and bought to slices of costco cheese pizza 2 days in a row.

I got one zit.

And that came a week later, so I think it was from
micro-needling.

No breakouts from the holiday yet and I had lots of egg nog, creamed corn, green bean casserole, mac and cheese... though it's too early still for that result.

But yeah, spearmint tea in the morning and before bed- seems to be working. I hope it works for you too!!!

TDLR: spearmint tea twice a day stopped me breaking out from dairy",SkincareAddiction,36,27,2025-12-28 22:17:37,https://old.reddit.com/r/SkincareAddiction/comments/1pxvy2h/solution_for_dairy_acne_spearmint_tea_acne/,1pxvy2h
Purging or irritation? (Panoxyl benzoyl peroxide 10%) [Product Question],"I recently got this product not knowing it came in lower percentages until a little bit later. Ive been using it every night for a week now. Byoma melting balm cleanser in the morning, and PanOxyl at night (with a hyaluronic acid serum and moisturizer). Some red bumps have popped up in my usual acne areas (cheeks, side of my face and chin) which I figure is just purging.

However, my usual nodules don't hurt (even if I press down),they're just bumps. These new ones that popped up hurt a little if i press down. Is this a normal part of purging or could it be that the 10% is just too much for my skin? I’m not currently using any salicylic acid, bhas, ahas or exfoliants in my routine.",SkincareAddiction,2,4,2025-12-29 12:35:24,https://old.reddit.com/r/SkincareAddiction/comments/1pyfkd5/purging_or_irritation_panoxyl_benzoyl_peroxide_10/,1pyfkd5
[Acne] bad hairline acne and scarring (?),"ive had hairline acne for about a year now and i literally cant leave the house if i dont put on concealer to cover it. i also tend to pick on the scabs alot. i am very lost i dont know what to do anymore, i always wash my face all the way up to the hairline but its not helping. i would really appreciate some help and guidance on my situation !",SkincareAddiction,2,5,2025-12-29 11:33:51,https://old.reddit.com/r/SkincareAddiction/comments/1pyeghj/acne_bad_hairline_acne_and_scarring/,1pyeghj
[Acne] Major Breakout,"24F never gone through a breakout like this, it started out with red patches like shown in the first 2 images, 2nd day it broke out into pimples with pus all over my face with the red base. Third day it’s red with some pimples with pus/just red remaining.

Not sure if it’s fungal or hormonal, I’ve never broken out like all of my life, there’s some itching and burning occasionally. Previously was using tactupump as a topical acne cream, continued to use it and got prescribed antibiotics. Been also using the anti-dandruff nizoral shampoo.

Don’t know what to do, if anyone has suggestions or had a similar experience please help",SkincareAddiction,2,9,2025-12-29 10:50:49,https://old.reddit.com/r/SkincareAddiction/comments/1pydmo0/acne_major_breakout/,1pydmo0
[Routine help] I don’t know where to start from.,"Hi guys, I’m a 30F and I’m gonna post my skin without showing my face cause I’m too embarassed. I try to take care of my skin and I don’t think it’s too bad but I wish the color was more even and I had less blackheads and my eyebags are brown. Oh and I am getting fine lines in one eye that bothers me when I do makeup. I know I’m 30 so it’s normal but if there’s anything to do about it I’d like to know. Thank you so much 💜. (SORRY the pics are creepy) (1 has makeup and 2 doesn’t)",SkincareAddiction,7,18,2025-12-29 03:59:07,https://old.reddit.com/r/SkincareAddiction/comments/1py4jaq/routine_help_i_dont_know_where_to_start_from/,1py4jaq
"[misc] no experience, how to approach burst capillaries and scar treatment?","Hello all, I have been incredibly lucky to not have suffered many skin issues. However that means I have no experience with dermatologist or much knowledge in this field. 

A couple months ago this capillary burst right on the tip of my nose. I have other ones but mainly concerned about just this spot. If it makes sense, I have one other on my face and a few on my thighs I’d be down to treat too. 

And while I’m in the office I have some scars that healed red and heard IPL might be the treatment course for all this.

Anyway I’m 30, in Austin TX and not sure if I should see a dermatologist or esthetician? I saw some horror stories of people getting ipl and ending up with burn circle scars instead of the small dot. 

What cost is reasonable? Should I have insurance?

I’m not usually this lost so I’ve been putting off seeking help but any advice is welcome and appreciated. Thank you",SkincareAddiction,3,1,2025-12-29 06:47:05,https://old.reddit.com/r/SkincareAddiction/comments/1py8gds/misc_no_experience_how_to_approach_burst/,1py8gds
[Routine Help] Rate my first routine,"Background: 30-year-old female, dry skin not acne prone, new to skin care but pretty religious about daily SPF (I currently use the daily facial SPF40 by Trader Joe's), going for simplicity, can't stomach some of the high prices I see for things but I could swing it likely.... I feel like my face overall is dull and there are some lines developing

These are my thoughts:

AM:

* Cleanser: Cera Ve Hydrating Facial
* Serum: Timeless Skin Care Vitamin C Serum
* SPF: Anessa Perfect UV Skin Care Milk (gold bottle)

PM:

* Cleanser: Cera Ve Hydrating Facial
* Mositurizer: Cera Ve PM Facial Moisutiring Lotion

Will also get:

* The Ordinary AHA 30% and see how my skin reacts to it with 1x per week",SkincareAddiction,2,1,2025-12-29 10:23:11,https://old.reddit.com/r/SkincareAddiction/comments/1pyd27h/routine_help_rate_my_first_routine/,1pyd27h
[Routine Help] chin/mouth texture,"Hi skincareaddicts!

I’d love to enlist your help. After years of self diagnosis, different routines, and senselessly applying actives to this area it is still a big problem for me and nothing I’ve done has seemed to help!

I have this strange texture around my mouth which remains even without active acne. Any previously active acne leaves a red mark where it was, whether it was picked or not. There also seem to be some closed comedones toward the sides of the chin.

Now I’m wondering if it is just a damaged barrier problem?

My skin has looked like this for close to ten years, so I’m ruling out that it will go away with time.

Anyone I mention this to says they don’t see anything wrong with my skin, and while I do understand that it is minor compared to the skin problems many others face, but it is a bit of an insecurity for me and I feel a bit hopeless on how to tackle it!

I would appreciate any help or advice you have!",SkincareAddiction,2,4,2025-12-29 10:04:04,https://old.reddit.com/r/SkincareAddiction/comments/1pyco7t/routine_help_chinmouth_texture/,1pyco7t
[Routine Help] Body Retinol,Summer is 6 months away and I’m interested in starting a body routine. Any recommendations for starting a routine or any of these products to see some good results soon? ,SkincareAddiction,8,2,2025-12-29 02:29:21,https://old.reddit.com/r/SkincareAddiction/comments/1py2bme/routine_help_body_retinol/,1py2bme
[Acne] How do I get rid of these little bumps?,"Hello all, would anyone be able to tell me what these bumps are caused by/what they are and how to resolve them please? I'm at a complete loss, I've always had them since I was a teenager and I'm now in my early twenties. I'm getting sick of them now! they look a bit redder than this in person. Thanks

https://preview.redd.it/3la2h0irq3ag1.jpg?width=1080&amp;format=pjpg&amp;auto=webp&amp;s=4fd71a5589cabc92c659f5707faea2f087d78c87

https://preview.redd.it/o1fxo0irq3ag1.jpg?width=1080&amp;format=pjpg&amp;auto=webp&amp;s=65c401e98505693ca3afd0de75dc80d616f1e2e3

",SkincareAddiction,1,1,2025-12-29 13:46:19,https://old.reddit.com/r/SkincareAddiction/comments/1pygrqn/acne_how_do_i_get_rid_of_these_little_bumps/,1pygrqn
"[Acne] Help, I have tried everything","Hi! I have been dealing with oily skin, skin texture and acne for 7+ years, I was 1 year in accutene and lymecycline for 3 months, i have seen 3 different dermatologist, gotten laser treatments, extractions and many other treatments, yet my skin is still bad after so many years. I don’t even know what to do, I’m going to Korea in 2 months and would hate to go looking like this, has somebody dealt with the same thing and found something that works? I would love to get some help, I was my face with a cleanser mornings and nights, then use a moisturiser, HD serum in the mornings and the other two serums at night. ",SkincareAddiction,5,3,2025-12-29 04:53:13,https://old.reddit.com/r/SkincareAddiction/comments/1py5tl1/acne_help_i_have_tried_everything/,1py5tl1
"HAVE A QUESTION? ASK HERE! Alter-Daily Help and Questions: December 28, 2025","Hello and welcome to the Alter-Daily Help Thread! The purpose of the ADHT is to ask simple questions, troubleshoot routines, get quick recommendations, prevent the sub from being too cluttered, and to guide new users.

# ADHT Rules: If questions or comments break the rules or are inappropriate, the report button is the fastest way for the mod team to see it and address the problems.

**Build Me A Routine,** [/r/AsianBeauty](https://www.reddit.com/r/AsianBeauty)**!** Please refrain from just stating a skin concern then expecting people to build a routine from scratch. It is important to do due diligence in understanding your skin type and needs. Learn more here in [The New User Guide](https://www.reddit.com/r/AsianBeauty/wiki/new_user_guide). You can also [search the subreddit here](https://www.reddit.com/r/AsianBeauty/search?q=search+here&amp;restrict_sr=on&amp;include_over_18=on&amp;sort=relevance&amp;t=all).

**Non-AB questions or comments.** Having non-AB products in your routine is totally fine! Getting specific advice/recommendations is not allowed, though welcomed in our Daily Anything Goes thread. See our rules on [non-AB here](https://www.reddit.com/r/AsianBeauty/wiki/rules#wiki_14._topics.2C_routines.2C_and_recommendations_must_be_related_to_asian_beauty)

**Rude comments and snark.** Fairly self explanatory but for more detail, check out our [Posting Guidelines](https://www.reddit.com/r/AsianBeauty/wiki/postguidelines)

**When directing someone to the sidebar** provide specific links. i.e. for someone asking about Allergies or Beginner Guides, link them to the specific subsections within AB University, rather than saying *it’s in the sidebar.*

**Finally, a reminder that no one is obligated to answer your questions.** If you have repeatedly asked the same question without a response, it may be best to review and see if it can be reworded or if the information is already in the thread or readily available in the sidebar materials.

**Remember that all skincare is individual and Your Mileage May Vary with recommendations. We are enthusiasts, not doctors, and we cannot provide you with medical advice. Speak to a medical professional if your skin concerns are affecting your well-being.**

# When Posting

**Where applicable, consider sharing with us the following so we can help you better (*****click Source below this post if you would like to copy the formatting*****)**

* **Skin Type**
* **Country/Climate I am in**
* **Top Skin Concern**
* **Current Routine/Products I am Using**

**AM** \* \[product\] \* \[product\] \* \[product\]

**PM** \* \[product\] \* \[product\] \* \[product\]

**I specifically \[want help with/am looking for a product to/am curious about trying\]**.

# Other Helpful Links

* [""Where to Buy"" Spreadsheet](https://docs.google.com/spreadsheets/d/1MOSSSJXjrEd0UTsukaMdlNH8QwgA2_w4SekzLjCMppQ/edit?usp=sharing) is a community-aggregated resource of sites and stores our members buy from from around the world.
* [Routine Order](https://www.reddit.com/r/AsianBeauty/comments/2jcss2/asian_skincare_101_a_beginners_guide_faq/), [Routine Order FAQ](https://www.reddit.com/r/AsianBeauty/comments/2tokdr/product_and_routine_order_faq/), [Routine Order including Actives/Acids](http://www.snowwhiteandtheasianpear.com/2015/01/skincare-discovery-putting-your.html)
* [Expiration Date of Japanese Skincare/Beauty Products](https://www.reddit.com/r/AsianBeauty/comments/nt4fhe/guide_the_expiration_date_of_japanese_products/) by [u/marcelavy](https://www.reddit.com/user/marcelavy/)
* [Sunscreen FAQ](https://www.reddit.com/r/AsianBeauty/wiki/theabroutine/#wiki_5.5_sunscreen_faq)

**2023-Specific**

* [2023 Reformulated/Discontinued Japanese Sunscreens](https://www.reddit.com/r/AsianBeauty/comments/zmqz7s/guide_japanese_sunscreen_roundup_2023/) by [u/marcelavy](https://www.reddit.com/user/marcelavy/)
* [2023 Korean Sunscreen Releases &amp; Reformulations](https://www.reddit.com/r/AsianBeauty/comments/121xn58/a_lil_compilation_of_2023_ksunscreen_releases/) by [u/royalsincognito](https://www.reddit.com/user/royalsincognito/)
* [2023 Webshops' Delivery Times](https://www.reddit.com/r/AsianBeauty/comments/11btmdo/where_was_your_last_ab_parcel_from_and_how_long/)",AsianBeauty,3,33,2025-12-28 21:39:18,https://old.reddit.com/r/AsianBeauty/comments/1pxuzqc/have_a_question_ask_here_alterdaily_help_and/,1pxuzqc
"Makeup Monday December 29, 2025","Asian Beauty isn’t ALL about skincare, so let’s chat about makeup! Any new AB makeup products you want to try? Releases you’re excited about? Tips &amp; tricks for Asian makeup styles? Want to request swatches? Post your makeup FOTD? This is the thread for you.

Makeup posts are always allowed on the sub using the \[Beauty\] Flair or \[Swatches\] Flair, but we want to encourage discussion about makeup as well! Please use the following formatted table for entries!

* **Concern / Success**
* **Product Name / Type of Makeup**
* **Skin Profile**
* **Comments**

# New to AB Makeup?

* Check out our [AB Beauty Wiki](https://www.reddit.com/r/AsianBeauty/wiki/ab_makeup/) for helpful links and guides!",AsianBeauty,1,1,2025-12-29 10:30:37,https://old.reddit.com/r/AsianBeauty/comments/1pyd7of/makeup_monday_december_29_2025/,1pyd7of
What are your skincare/beauty INs and OUTs for the year?,"My IN has been discovering vitamin C sheet masks (specifically Banobagi) and seeing a huge difference in my skin after thinking it was all downhill from now on. Also big IN is having perfume free alternatives   
A big OUT is Niacinamide in EVERYTHING! Do we really need it in moisturizers, serums, hand soaps, body lotions etc. I feel like we're risking a lot of irritation with every product making you layer more on",AsianBeauty,20,24,2025-12-29 06:29:01,https://old.reddit.com/r/AsianBeauty/comments/1py81wj/what_are_your_skincarebeauty_ins_and_outs_for_the/,1py81wj
Why Korean skincare worked for my acne when Western products didn’t,"For years, I treated my acne like an enemy. I used strong cleansers, harsh spot treatments, and anything that promised to “dry out” pimples fast. While some products worked temporarily, my skin always felt tight, irritated, and inflamed. The acne never truly stopped.

When I tried Korean skincare, the approach felt very different. Instead of focusing only on killing acne, it focused on calming the skin, repairing the barrier, and keeping the skin hydrated. At first, I didn’t understand how adding moisture could help acne. It felt counterintuitive.

But over time, my skin became less angry. Breakouts still happened, but they were less painful and healed faster. I noticed fewer random flare-ups and less redness overall. For me, the biggest difference was learning that acne-prone skin still needs care, not punishment.

This doesn’t mean Korean skincare is a miracle for everyone, but it changed how I think about acne. I’m curious if others had a similar experience when they stopped being harsh with their skin.

",AsianBeauty,158,18,2025-12-28 18:51:13,https://old.reddit.com/r/AsianBeauty/comments/1pxr7l4/why_korean_skincare_worked_for_my_acne_when/,1pxr7l4
Cushion (mostly) swatches for pale folk,"From the top Swatch:
Laneige Neo Glow 13N1
Laneige Neo Matte 13 (neutral)
Clio Kill Cover Mesh Glow 3-BY Linen
Unleashia Don't Touch Glass Pink 16N Luminous
Unleashia Don't Touch Glass Pink 19N Prism
Purito Cica Clearing BB cream 13N
Tirtir Red 13N
Tirtir Silver 13N
Tirtir Pink 13N
Tirtir Orange 13N

Back on my nonsense again. All fresh, I need a shower so I won't wait for oxidisation, but I know all four tirtir will on me (especially the orange one...)

First pic with my annoyingly bright bathroom light, then with said light and a warm additional light. Then next to a window but it's 4pm in England in December so don't expect daylight 🤣

I also have Yepoda Dewy Day in N1n but it's not actually Korean as such, but kind of is. I haven't swatched it but if anyone wants to see it next to any of these, shout.

I've also got Jung Saem Mool in Fair Light coming soon so happy to add that in.

I do, for western foundations,  have Fenty Soft'lit Luminous 120, Charlotte Tilbury 1 Neutral, Nars Mont Blanc, and elf Soft Glam in 13. I think it's 13 anyway. It's horrible whatever it is and it makes my skin break out badly.",AsianBeauty,82,7,2025-12-28 21:16:52,https://old.reddit.com/r/AsianBeauty/comments/1pxufn8/cushion_mostly_swatches_for_pale_folk/,1pxufn8
Review: Illiyoon Ceramide Ato Lotion?,"&lt;Personal Info&gt;

Skin type: Dry

Skin concerns: Very dry patches that get flaky if I scratch or rub too much, occasional irritation/redness, barrier issues in winter

Climate: Los Angeles – it’s generally mild but the air is super dry right now, especially with heaters on

Current routine (very minimal):

Cleanser: Hada Labo Gokujyun Hyaluronic Acid Cleansing Foam (Japanese, gentle and doesn’t strip)

Toner: 

1. COSRX Hydrium Watery Toner (hydrating, calming, and super light)

2. FULLY Green Tomato Acid 20 Serum

Serum: Beauty of Joseon Glow Serum (propolis + niacinamide – for a bit of soothing and brightness)

Moisturizer: 

1. Morning : Illiyoon Ceramide Ato Lotion (the one I’m reviewing)

2. Night(Before Sleep) : D'alba Piedmont Italian White Truffle Double Serum &amp; Cream

&lt;Product Info&gt;

Scent: Completely unscented – no fragrance at all, which I really appreciate.

Texture: Lightweight lotion, slightly milky, spreads easily and absorbs quickly without any sticky residue.

Why I bought it: I kept seeing it recommended on Reddit for damaged barriers and dry, sensitive skin. I needed something simple and effective for winter that wouldn’t feel heavy but would actually hydrate.

&lt;My experience&gt;

Length of use: About 6 weeks daily (morning and night).

Results:

My skin feels noticeably less tight after cleansing.

Dry, flaky patches on my cheeks and around my nose have calmed down a lot – they used to turn white when I scratched, but that happens way less now.

Overall barrier feels stronger; redness from dryness has improved. No breakouts or irritation – it layers nicely under makeup too.

Pros:

Excellent hydration for a lotion texture – lasts all day in dry air. Truly fragrance-free and gentle.

Great price for the size (big pump bottle).

Non-greasy finish.

Cons:

In extremely cold/dry days, I still need to layer a thicker cream on top at night for extra protection.

Pump can dispense a little too much if you’re not careful.

Would I repurchase? Yes, definitely. I love Illiyoon Ceramide Ato Lotion. It’s become my everyday winter moisturizer and I already have a backup. For dry, easily irritated skin in a dry climate, it’s been reliable and fuss-free.

Has anyone else with similar dry/flaky concerns tried this lotion? How does it compare to the Concentrate Cream version for you?",AsianBeauty,5,4,2025-12-29 12:05:39,https://old.reddit.com/r/AsianBeauty/comments/1pyf1kg/review_illiyoon_ceramide_ato_lotion/,1pyf1kg
Mourning the discontinuation of Mediheal NMF. Is there anything similar out there?,"I looooove the Mediheal nmf aquaring mask but they’re no longer available on stylevana, yesstyle or olive young which makes me think that they’ve been discontinued. I can find the original (not the aquaring version) but the ingredients are different.

Is there anything similar to this mask? Or is there anywhere still selling it to the UK? ",AsianBeauty,28,11,2025-12-29 00:10:55,https://old.reddit.com/r/AsianBeauty/comments/1pxyu4w/mourning_the_discontinuation_of_mediheal_nmf_is/,1pxyu4w
Which marketing gimmick(s) you FAILED for this year? 😭,Let’s help each other to see thru these lies 😭,AsianBeauty,2,1,2025-12-29 13:27:10,https://old.reddit.com/r/AsianBeauty/comments/1pygg19/which_marketing_gimmicks_you_failed_for_this_year/,1pygg19
How much did you spend this year 👁️👄👁️,"$223 for me, though mainly because I bought a lot the year before (double $$) so I was being good this year

**By product category**

Sunscreens: 58% of the expenses

Actives: 34% of the expenses

A cleanser: 8%

All other products I made a decent dent in my stash

**By region**

Asian beauty: 25% 🥲 

Western: 75%

I promise I'm truly an ABer by heart

**By product**

👑 5 tubes of Goodal Heartleaf Suncream 

🥈2 tubes of adapalene tied with 2 tubes of LRP UVmune gel creme
",AsianBeauty,30,18,2025-12-28 22:31:18,https://old.reddit.com/r/AsianBeauty/comments/1pxwak9/how_much_did_you_spend_this_year/,1pxwak9
Still using watery toners amidst the milky toner trend and seasonal changes?,I’ll start - Etude soonjung 5.5 toner. Simple lightweight hydration + less breakout risk + I’m not fond of thick products as first step after cleansing!,AsianBeauty,10,35,2025-12-29 04:14:03,https://old.reddit.com/r/AsianBeauty/comments/1py4w9a/still_using_watery_toners_amidst_the_milky_toner/,1py4w9a
What are recent TikTok famous products that didn't work for you?,"This can be TikTok, YouTube or any other form of social media that was hyping a product. ",AsianBeauty,28,57,2025-12-28 22:10:13,https://old.reddit.com/r/AsianBeauty/comments/1pxvrif/what_are_recent_tiktok_famous_products_that_didnt/,1pxvrif
muji light toning water high moisture FA safe dupe?,"my HG muji high moisture light toning water has been discontinued/reformulated in a way that makes it not FA safe.

it basically feels like water but it's the perfect first step in my routine. I just went a week without it on vacation and I couldn't believe how dry and tight I felt. I used purito wonder releaf unscented centella toner as my first step after cleansing and I think it was too viscous. if anyone has any dupe recommendations I would love to hear them!",AsianBeauty,3,3,2025-12-29 08:58:36,https://old.reddit.com/r/AsianBeauty/comments/1pybbjp/muji_light_toning_water_high_moisture_fa_safe_dupe/,1pybbjp
Isntree on Amazon?,"Has anyone bought Isntree skincare from Amazon? I have always avoided buying skincare on Amazon due to potential fakes, but I am considering trying to get some Isntree products. Has anyone ordered from there with a positive result?",AsianBeauty,3,6,2025-12-29 07:46:13,https://old.reddit.com/r/AsianBeauty/comments/1py9reg/isntree_on_amazon/,1py9reg
Forlle’d Skincare,"I’ve recently discovered Forlle’d skincare and have been so impressed. In the US it’s still pretty new and haven’t heard it talked about much. 

It is definitely luxury priced and I’m wondering if others have tried it and what your thoughts are, favorite products, etc. Additionally, is this a popular line in Japan or other parts of Asia? ",AsianBeauty,1,0,2025-12-29 12:51:10,https://old.reddit.com/r/AsianBeauty/comments/1pyfu6g/forlled_skincare/,1pyfu6g
Little Ondine Puppy Hug Series Lip Cream in 04 Rum Oolong Tea,Bought this from an Asian beauty chain store but for some reason this product isn’t listed on their website except for one social media post from months ago. There’s hardly any information about this product in English too when I Google it. When I swatched it in store I fell in love and I just HAD to get it!,AsianBeauty,83,0,2025-12-28 11:56:38,https://old.reddit.com/r/AsianBeauty/comments/1pxkd6k/little_ondine_puppy_hug_series_lip_cream_in_04/,1pxkd6k
Does skincare sometimes create problems instead of solving them?,"Lately there’s been a lot of discussion around the idea that skincare can actually make skin worse rather than better. The pattern often looks like this: someone starts with mostly normal skin or mild dryness and is told to use a moisturizer. After using one, clogged pores or whiteheads appear. Then the advice becomes exfoliation with AHA or BHA. That leads to irritation or breakouts, and the next step suggested is retinoids. Before long, the routine is full of actives and the skin feels more sensitive than it ever did before.

This makes me wonder whether their skin was actually healthier before they started following skincare advice. Earlier, when routines were minimal or even just soap-based, skin may not have been perfect, but it often felt calmer and less reactive. Now, even products labeled as “gentle” seem to trigger whiteheads, tiny pus bumps or redness.

This isn’t about saying skincare is useless. It clearly helps with acne, pigmentation, and genuine skin conditions. But social media trends and one-size-fits-all routines seem to encourage overdoing it, especially for sensitive or combination skin types. Instead of fixing problems, new ones keep appearing, and it becomes hard to tell whether skincare is helping the skin or slowly damaging the barrier.

Would love to hear others’ experiences, whether skin felt better before caring about skincare at all, or if it genuinely improved after finding the right routine",AsianBeauty,15,18,2025-12-28 20:44:07,https://old.reddit.com/r/AsianBeauty/comments/1pxtnk9/does_skincare_sometimes_create_problems_instead/,1pxtnk9
"[Discussion] Now that Winter is in full swing, what AB products are you reaching for?","Dry skin, chapped lips, the whole shi-bang! What does this winter have you reaching for to combat these things? What are you must have products?!

Don't forget to include your country/climate, top skin concerns, and skin type. So we can possibly find skin twins and find recommended products!

* **Skin Type**
* **Country/Climate I am in**
* **Top Skin Concern**",AsianBeauty,7,8,2025-12-28 22:16:28,https://old.reddit.com/r/AsianBeauty/comments/1pxvx0y/discussion_now_that_winter_is_in_full_swing_what/,1pxvx0y
Indonesian Skin soap for female,"Hi! I’ve been eyeing to try an Indonesian whitening soap (applicable for face and body) but have no idea yet which brand is the best for a morena girl like me.

To all Indonesian ladies out there, what is your recommended whitening soap?

TIA☺️",AsianBeauty,0,3,2025-12-29 12:50:10,https://old.reddit.com/r/AsianBeauty/comments/1pyftjo/indonesian_skin_soap_for_female/,1pyftjo
Sept - Dec ‘25 empties.,"Sunscreens:

- Purito Soft Touch. Used by my son with combo, acne prone skin. WNRP.

- Purito Wonder Releaf. Son. WNRP.

- Numbuzin No. 3 Porcelain Tone Up. Used by my daughter with oily skin, not acne prone. WNRP.

- BOJ Birch Juice. Used by my husband with normal to dry, not acne prone, mature skin. WNRP.

- Mary &amp; May Cica Sun Cream. Used by me with very dry, premenopausal dry skin. Might RP, but with lots of options out there, leaning to WNRP unless I can find it again for the price I paid for in Nov ‘24 ($11 per tube before discount from Yesstyle) from legitimate retailers.

- (sample) Hera UV Protector Extreme Force. Used by me. RP. Currently going through bunch of samples of this from my other Hera purchases but find that the samples are much cheaper per ml than buying full size tube (~KRW41,000 or $28 per 50ml tube vs $6 for 15ml sample size on eBay) so I rather buy samples or wait until Amore Mall start offering it again as GWP.

- BOJ Sun Serum. Daughter. WNRP.

- The Lab Blanc Doux Oligo HA Tone Up. Daughter. WNRP.

- The Whoo. Used by me. Discontinued. WNRP.

- Cosrx Aloe Aqua Tone Up. Daughter. WNRP.

- Etude Sunprise Watery Light. Son. WNRP.

- Biore Aqua Rich Watery Essence. Used by me. Might RP once I go through my pre-tariffs panic buy sunscreen hoards.

- Dr. Jart Every Sun Day Moisturizing Sun. Husband. WNRP.

- Cosrx Ultra Light Invisible sunscreen. Daughter. Her favorite daily sunscreen under various tone-up sunscreens she uses as foundation. Got her 10 backups. RP.

- Biore Athlizm Essence. Daughter. Her favorite water resistant sunscreen. Got her 10 backups. RP.

- Hera UV Protector Multi Defense. Used by me. Current favorite sunscreen to use on top of my Hera Tone Up. Have 6 backups. RP.

- Pola Whitissimo sunscreen. Used by me. WNRP.

- Canmake Mermaid Clear. Used by me. Another favorite sunscreen of mine. Excellent under makeup. Have 10 backups. RP.

- Hera UV Protector Tone Up. Used by me. Current favorite sunscreen to use under the Hera Multi Defense. Have 6 backups. RP.

- Isehan Sunkiller. Daughter. WNRP.

- Torriden Dive In Moisture Sun Cream. Husband. He likes it because it’s moisturizing however the finish is too dewy for office but great for running errands. Might RP for him if I can find it for good price in Oct 2024 (~$12 before discount at Stylevana). I saw it at OY when we’re in SK but unfortunately the OY we went to is in tourist area so the price was marked up to make up for tax refund. Maybe it’s cheaper if we go to OY branch that’s not participating in tourist tax refund. 

- Ample N Peach Tone Up. Daughter. WNRP.


Skincare:

- BOJ Cleansing Balm. RP. 

- (sample) Innisfree Green Tea x 3. Got it as GWP. Used by my daughter. WNRP.

- The Madeca Cream. Season 6. Used by my husband. WNRP.

- Sum 37 cleansing foam. Daughter. WNRP.

- Insect bites remedy and stuffy nose reliever(?) that I got in Thailand several years ago. WNRP.

- (various sample sachets) Iunik, Abib, Round Lab. Will not purchase.

- Mediheal Collagen Retinol mask. Husband. WNRP.

- IOPE Retinol mask. Husband. Sheet masks is the only way he will use OTC, non-prescription actives. WNRP.

- 107 Avocado Cuddle Mask. I purchased a box of 5 from iHerb. Used by me. Surprisingly nourishing. Might RP once I went through my sheet masks hoards.

- Dr. Jart Ceramidin mask. Husband. WNRP.

- Sooryehan black mask. Used by me. WNRP. 
",AsianBeauty,170,36,2025-12-28 00:44:46,https://old.reddit.com/r/AsianBeauty/comments/1px5ywk/sept_dec_25_empties/,1px5ywk
"What are your favorite Taiwanese skincare, makeup, and haircare products? Least favorite?",What are your favorites from Taiwan? ,AsianBeauty,15,11,2025-12-28 12:41:03,https://old.reddit.com/r/AsianBeauty/comments/1pxl4j1/what_are_your_favorite_taiwanese_skincare_makeup/,1pxl4j1
